"first_name","last_name","email","gender","country"
"Ashleigh","Whellans","awhellans0@linkedin.com","Bigender","Vietnam"
"Norton","Rantoull","nrantoull1@prnewswire.com","Female","Philippines"
"Uri","Spreull","uspreull2@bbb.org","Bigender","Russia"
"Yorker","Madgin","ymadgin3@nature.com","Female","Philippines"
"Irvin","Wignall","iwignall4@boston.com","Male","Tunisia"
"Pearce","Kochl","pkochl5@cdbaby.com","Polygender","Greece"
"Kariotta","Bauduccio","kbauduccio6@slideshare.net","Male","China"
"Callie","Cowpland","ccowpland7@google.it","Male","Philippines"
"Jacinta","Tuckie","jtuckie8@adobe.com","Genderfluid","China"
"Chloette","Frangello","cfrangello9@live.com","Non-binary","Indonesia"
"Levon","Tarbert","ltarberta@odnoklassniki.ru","Male","Philippines"
"Morgan","Dormer","mdormerb@buzzfeed.com","Male","Thailand"
"Farlee","Alexsandrev","falexsandrevc@chicagotribune.com","Female","Indonesia"
"Gilligan","Dowdam","gdowdamd@ustream.tv","Non-binary","Russia"
"Vivianne","Maskrey","vmaskreye@unicef.org","Male","Philippines"
"Dennison","Gibbs","dgibbsf@discuz.net","Genderfluid","South Africa"
"Shelton","Feldklein","sfeldkleing@photobucket.com","Non-binary","Libya"
"Corby","Cawkill","ccawkillh@digg.com","Genderqueer","Russia"
"Angil","Effaunt","aeffaunti@360.cn","Agender","China"
"Perkin","Harman","pharmanj@google.com","Genderfluid","China"
"Ardith","Drowsfield","adrowsfieldk@smugmug.com","Bigender","Philippines"
"Rex","Ummfrey","rummfreyl@bloglines.com","Agender","Philippines"
"Alina","Reeme","areemem@g.co","Genderfluid","Serbia"
"Berty","Orvis","borvisn@google.com.hk","Non-binary","Russia"
"Luz","Baumert","lbaumerto@apple.com","Bigender","China"
"Lazar","Gilmartin","lgilmartinp@gizmodo.com","Genderfluid","Thailand"
"Penrod","Galway","pgalwayq@nymag.com","Polygender","Philippines"
"Delmor","Braithwait","dbraithwaitr@auda.org.au","Genderfluid","China"
"Mord","Bowering","mbowerings@deliciousdays.com","Female","Russia"
"Ev","Gerran","egerrant@psu.edu","Genderqueer","China"
"Chantal","Pengilley","cpengilleyu@jimdo.com","Genderqueer","Morocco"
"Marijn","Jerromes","mjerromesv@dailymail.co.uk","Genderqueer","China"
"Minor","Aberdalgy","maberdalgyw@sbwire.com","Polygender","Peru"
"Crosby","Yanyushkin","cyanyushkinx@friendfeed.com","Bigender","Indonesia"
"Paul","Ridde","priddey@berkeley.edu","Bigender","United States"
"Shauna","Smurfit","ssmurfitz@house.gov","Polygender","Peru"
"Norbie","Oldnall","noldnall10@hp.com","Bigender","Sweden"
"Zandra","Issakov","zissakov11@cafepress.com","Bigender","Pakistan"
"Brunhilde","McLaine","bmclaine12@ebay.co.uk","Polygender","Russia"
"Quentin","Heak","qheak13@skyrock.com","Genderfluid","China"
"Lea","Mavin","lmavin14@hp.com","Bigender","Nigeria"
"Brion","Dahlgren","bdahlgren15@pinterest.com","Polygender","Poland"
"Ericha","Celiz","eceliz16@taobao.com","Female","Canada"
"Martelle","Davidsen","mdavidsen17@wufoo.com","Female","Thailand"
"Margery","Chang","mchang18@t.co","Male","Nicaragua"
"Wendye","Crosetti","wcrosetti19@state.gov","Non-binary","Philippines"
"Beverly","Mitcham","bmitcham1a@ca.gov","Genderfluid","Kazakhstan"
"Carmel","Izard","cizard1b@latimes.com","Agender","Czech Republic"
"Kiele","Jakel","kjakel1c@cdbaby.com","Genderqueer","Portugal"
"Jacky","Sterke","jsterke1d@xinhuanet.com","Male","Ukraine"
"Marena","Childerhouse","mchilderhouse1e@reuters.com","Non-binary","China"
"Galen","Stimpson","gstimpson1f@privacy.gov.au","Female","Japan"
"Beatrix","Woolforde","bwoolforde1g@marketwatch.com","Polygender","China"
"Wilhelm","Ollcott","wollcott1h@arstechnica.com","Female","Afghanistan"
"Dorolice","Simonitto","dsimonitto1i@engadget.com","Genderqueer","Czech Republic"
"Thain","Eykelhof","teykelhof1j@free.fr","Male","China"
"Phyllis","Impy","pimpy1k@tripadvisor.com","Female","Thailand"
"Orland","Mattheis","omattheis1l@wufoo.com","Non-binary","Russia"
"Moise","Bonus","mbonus1m@biblegateway.com","Non-binary","Indonesia"
"Audrye","Solomon","asolomon1n@wp.com","Female","Argentina"
"Papagena","Joyson","pjoyson1o@mail.ru","Non-binary","France"
"Latisha","Hegg","lhegg1p@about.me","Non-binary","Portugal"
"Norrie","Conner","nconner1q@xing.com","Genderqueer","United States"
"Mario","Bricknell","mbricknell1r@ow.ly","Genderfluid","Peru"
"Arielle","Hars","ahars1s@aol.com","Non-binary","Poland"
"Melanie","Scoates","mscoates1t@topsy.com","Genderqueer","Slovenia"
"Amalie","Cauldfield","acauldfield1u@telegraph.co.uk","Female","Argentina"
"Revkah","Dicks","rdicks1v@artisteer.com","Male","Russia"
"Larry","McJury","lmcjury1w@reverbnation.com","Genderqueer","Brazil"
"Maurise","Wherton","mwherton1x@aol.com","Genderqueer","Bosnia and Herzegovina"
"Harv","Carse","hcarse1y@mac.com","Genderfluid","Bosnia and Herzegovina"
"Hall","Wheater","hwheater1z@wikimedia.org","Female","Portugal"
"Joela","Ebbing","jebbing20@amazon.co.jp","Polygender","Malaysia"
"Coleman","Foulsham","cfoulsham21@huffingtonpost.com","Agender","Namibia"
"Alfonso","Rielly","arielly22@clickbank.net","Polygender","Philippines"
"Talbert","Turmell","tturmell23@cloudflare.com","Genderqueer","China"
"Derek","Hobble","dhobble24@tripadvisor.com","Genderqueer","Indonesia"
"Ilyssa","Inder","iinder25@nature.com","Agender","Portugal"
"Monti","Juara","mjuara26@fc2.com","Genderfluid","Russia"
"Frederico","Garrood","fgarrood27@omniture.com","Polygender","Poland"
"Codi","Sottell","csottell28@indiatimes.com","Bigender","Ukraine"
"Leonidas","Musterd","lmusterd29@discuz.net","Female","Greece"
"Madelon","Keune","mkeune2a@msu.edu","Agender","Brazil"
"Loralie","Brislan","lbrislan2b@cornell.edu","Genderqueer","China"
"Brear","Fowlie","bfowlie2c@china.com.cn","Female","Chile"
"Kaycee","Figliovanni","kfigliovanni2d@zimbio.com","Male","Afghanistan"
"Willamina","Newlove","wnewlove2e@elpais.com","Female","El Salvador"
"Carlynne","Mathie","cmathie2f@economist.com","Genderqueer","Indonesia"
"Jaquenette","Fosberry","jfosberry2g@baidu.com","Polygender","China"
"Hayden","Osgarby","hosgarby2h@youtu.be","Non-binary","Portugal"
"Marcello","Desaur","mdesaur2i@senate.gov","Bigender","Ukraine"
"Norean","Applin","napplin2j@sourceforge.net","Bigender","China"
"Gaby","Hancock","ghancock2k@creativecommons.org","Genderfluid","Canada"
"Sophronia","Liven","sliven2l@bloglines.com","Male","Poland"
"Nick","Lower","nlower2m@nature.com","Genderfluid","Greece"
"Jodie","Offield","joffield2n@arizona.edu","Non-binary","Peru"
"Ronnie","Romanetti","rromanetti2o@stanford.edu","Genderfluid","Japan"
"Reube","Corneliussen","rcorneliussen2p@deviantart.com","Female","Indonesia"
"Koressa","Gogerty","kgogerty2q@craigslist.org","Polygender","Liberia"
"Guillaume","Beel","gbeel2r@yelp.com","Male","Indonesia"
"Robby","Nurcombe","rnurcombe2s@bluehost.com","Agender","Indonesia"
"Bunny","Christauffour","bchristauffour2t@stanford.edu","Non-binary","Azerbaijan"
"Victoir","Newman","vnewman2u@paypal.com","Female","Bosnia and Herzegovina"
"Lazarus","Schorah","lschorah2v@youku.com","Genderfluid","Indonesia"
"Matty","Conen","mconen2w@blog.com","Non-binary","United States"
"Perl","Jehu","pjehu2x@creativecommons.org","Genderqueer","Indonesia"
"Harvey","Heckner","hheckner2y@wufoo.com","Genderqueer","Sweden"
"Ailbert","Huntley","ahuntley2z@live.com","Non-binary","Indonesia"
"Hank","Panas","hpanas30@webnode.com","Female","China"
"Humphrey","Meaders","hmeaders31@icio.us","Agender","Kazakhstan"
"Viva","Cracknall","vcracknall32@timesonline.co.uk","Bigender","Poland"
"Thor","Willans","twillans33@microsoft.com","Female","Russia"
"Kristien","Pitceathly","kpitceathly34@blogger.com","Agender","Brazil"
"Heath","Stickford","hstickford35@dedecms.com","Polygender","Sweden"
"Wilma","Brasted","wbrasted36@miibeian.gov.cn","Male","Ukraine"
"Weston","Sywell","wsywell37@lulu.com","Genderqueer","Indonesia"
"Clerkclaude","Caile","ccaile38@canalblog.com","Male","France"
"Silvester","Oldis","soldis39@icq.com","Bigender","Russia"
"Horatius","Wadeling","hwadeling3a@godaddy.com","Non-binary","United States"
"Rem","Surplice","rsurplice3b@webs.com","Female","Colombia"
"Chanda","Lawler","clawler3c@redcross.org","Polygender","United States"
"Gayel","Boult","gboult3d@berkeley.edu","Genderfluid","Norway"
"Cordelia","Northleigh","cnorthleigh3e@wikispaces.com","Bigender","Colombia"
"Thaxter","Axford","taxford3f@artisteer.com","Agender","Cuba"
"Miran","Barthorpe","mbarthorpe3g@theglobeandmail.com","Female","Bosnia and Herzegovina"
"Bernhard","Franklyn","bfranklyn3h@ustream.tv","Polygender","Canada"
"Eirena","Jaspar","ejaspar3i@bing.com","Female","Mongolia"
"Jemima","McCourtie","jmccourtie3j@google.ru","Non-binary","East Timor"
"Theo","Bierling","tbierling3k@booking.com","Male","Madagascar"
"Buddie","Gobeaux","bgobeaux3l@jugem.jp","Genderqueer","China"
"Gibbie","Betton","gbetton3m@people.com.cn","Genderfluid","Panama"
"Gabriel","Cumberland","gcumberland3n@bloomberg.com","Genderqueer","Indonesia"
"Ivory","Hiom","ihiom3o@cnbc.com","Polygender","Slovenia"
"Isahella","Berkowitz","iberkowitz3p@google.nl","Genderqueer","Italy"
"Constantine","Smurthwaite","csmurthwaite3q@dmoz.org","Non-binary","Greece"
"Salaidh","Covington","scovington3r@macromedia.com","Polygender","Brazil"
"Kellsie","Bunyan","kbunyan3s@ucoz.ru","Genderqueer","Benin"
"Bard","Monteaux","bmonteaux3t@aol.com","Polygender","Indonesia"
"Terrell","Pauler","tpauler3u@soup.io","Genderfluid","Egypt"
"Keefe","Kubas","kkubas3v@npr.org","Non-binary","China"
"Rockwell","Downs","rdowns3w@trellian.com","Genderfluid","Czech Republic"
"Egor","Rich","erich3x@instagram.com","Bigender","Ukraine"
"Konstanze","Cubbit","kcubbit3y@homestead.com","Polygender","Poland"
"Aeriell","Garshore","agarshore3z@privacy.gov.au","Male","Greece"
"Ugo","Leghorn","uleghorn40@springer.com","Polygender","Palau"
"Lemmie","Wanklin","lwanklin41@alibaba.com","Bigender","Dominican Republic"
"Jdavie","Edmott","jedmott42@linkedin.com","Agender","Colombia"
"Ede","Colum","ecolum43@vimeo.com","Male","France"
"Darrel","Keppie","dkeppie44@eventbrite.com","Female","Lithuania"
"Curr","Thormann","cthormann45@apache.org","Polygender","Sierra Leone"
"Franzen","Erni","ferni46@bloglovin.com","Agender","Portugal"
"Isak","Glowach","iglowach47@mapquest.com","Bigender","Philippines"
"Royal","Lapre","rlapre48@networksolutions.com","Polygender","Finland"
"Carlee","Ramelot","cramelot49@simplemachines.org","Polygender","Russia"
"Nat","Slowgrove","nslowgrove4a@cnn.com","Bigender","China"
"Arabelle","Klesse","aklesse4b@bloglovin.com","Female","Portugal"
"Tadd","Loxston","tloxston4c@umn.edu","Genderfluid","Netherlands"
"Clemence","Brinicombe","cbrinicombe4d@edublogs.org","Genderqueer","Togo"
"Eleanore","Prestney","eprestney4e@printfriendly.com","Female","Indonesia"
"Wilow","Rollins","wrollins4f@time.com","Female","Albania"
"Hanny","Wiburn","hwiburn4g@hibu.com","Genderfluid","China"
"Abbott","Sidsaff","asidsaff4h@friendfeed.com","Non-binary","France"
"Bourke","Moth","bmoth4i@cloudflare.com","Female","Indonesia"
"Ash","Onians","aonians4j@columbia.edu","Bigender","China"
"Shanta","Joskovitch","sjoskovitch4k@jimdo.com","Genderfluid","Indonesia"
"Corabelle","Gabbott","cgabbott4l@deviantart.com","Bigender","Azerbaijan"
"Pepito","Roughsedge","proughsedge4m@goodreads.com","Male","France"
"Kendre","Stoak","kstoak4n@google.pl","Genderfluid","Cyprus"
"Lemmie","Jeremiah","ljeremiah4o@census.gov","Non-binary","Portugal"
"Lona","Veillard","lveillard4p@netlog.com","Non-binary","China"
"Hillyer","Hasely","hhasely4q@vinaora.com","Non-binary","Brazil"
"Morganica","Pieters","mpieters4r@jimdo.com","Agender","Russia"
"Frasquito","Jina","fjina4s@nhs.uk","Female","Canada"
"Ryann","Zmitruk","rzmitruk4t@nhs.uk","Non-binary","Russia"
"Josepha","Camilleri","jcamilleri4u@csmonitor.com","Genderqueer","Palestinian Territory"
"Melisse","Bickerstasse","mbickerstasse4v@sun.com","Polygender","China"
"Cathlene","Rowsell","crowsell4w@omniture.com","Agender","United States"
"Corine","Lapish","clapish4x@issuu.com","Polygender","Thailand"
"Ingrim","Croxton","icroxton4y@usa.gov","Polygender","Canada"
"Agosto","Seleway","aseleway4z@disqus.com","Non-binary","China"
"Matty","Filippucci","mfilippucci50@google.co.jp","Genderqueer","Sweden"
"Lory","Woolland","lwoolland51@foxnews.com","Agender","China"
"Yule","de Aguirre","ydeaguirre52@npr.org","Female","Madagascar"
"Bertha","Rickard","brickard53@mashable.com","Male","China"
"Miner","Ianne","mianne54@discuz.net","Agender","Philippines"
"Violante","Jerome","vjerome55@lycos.com","Non-binary","Yemen"
"Stanislas","Souten","ssouten56@wordpress.org","Genderqueer","Colombia"
"Alene","Scinelli","ascinelli57@state.tx.us","Non-binary","El Salvador"
"Irv","Boaler","iboaler58@buzzfeed.com","Female","Indonesia"
"Rhody","Privett","rprivett59@tmall.com","Non-binary","Croatia"
"Jayson","Hearst","jhearst5a@etsy.com","Bigender","Brazil"
"Angel","Griniov","agriniov5b@umn.edu","Female","Brazil"
"Wandie","Novic","wnovic5c@jalbum.net","Agender","Kazakhstan"
"Gaby","Woodburne","gwoodburne5d@gnu.org","Female","Russia"
"Shamus","Laity","slaity5e@nasa.gov","Female","Norway"
"Frannie","Colbeck","fcolbeck5f@usatoday.com","Polygender","Indonesia"
"Nehemiah","Petrolli","npetrolli5g@ow.ly","Polygender","Portugal"
"Julian","Taillant","jtaillant5h@ucoz.ru","Genderfluid","Philippines"
"Rufus","Power","rpower5i@vimeo.com","Agender","Brazil"
"Bjorn","Goodwill","bgoodwill5j@symantec.com","Female","Japan"
"Nap","Ohrt","nohrt5k@cnn.com","Non-binary","Philippines"
"Correy","Bloxholm","cbloxholm5l@cornell.edu","Non-binary","Malta"
"Dick","Bowlesworth","dbowlesworth5m@gizmodo.com","Non-binary","Indonesia"
"Milissent","Cisar","mcisar5n@google.co.jp","Bigender","Brazil"
"Riannon","Crawford","rcrawford5o@webnode.com","Female","Nigeria"
"Inessa","Swan","iswan5p@bing.com","Genderqueer","Canada"
"Debor","Arch","darch5q@purevolume.com","Genderfluid","Russia"
"Cthrine","Venditto","cvenditto5r@deliciousdays.com","Polygender","Indonesia"
"Nari","Double","ndouble5s@europa.eu","Genderfluid","China"
"Edd","Dossetter","edossetter5t@paginegialle.it","Non-binary","Philippines"
"Bill","Naismith","bnaismith5u@vimeo.com","Female","South Korea"
"Zacherie","Beggio","zbeggio5v@jiathis.com","Male","Indonesia"
"Yolande","Bozworth","ybozworth5w@telegraph.co.uk","Genderfluid","Russia"
"Ignaz","Paslow","ipaslow5x@bing.com","Genderqueer","Indonesia"
"Lezlie","Stothert","lstothert5y@ft.com","Genderqueer","Vietnam"
"Ange","Mitchely","amitchely5z@clickbank.net","Agender","Thailand"
"Leisha","Navaro","lnavaro60@1688.com","Female","Poland"
"Rochelle","Callear","rcallear61@about.com","Agender","Colombia"
"Meagan","Gell","mgell62@angelfire.com","Genderqueer","Indonesia"
"Jocelyn","Strand","jstrand63@histats.com","Non-binary","China"
"Germayne","Arnauduc","garnauduc64@timesonline.co.uk","Male","Israel"
"Lionello","Berrington","lberrington65@msn.com","Bigender","China"
"Wilmer","Haythorn","whaythorn66@amazon.co.uk","Male","Japan"
"Cletis","Stobbie","cstobbie67@myspace.com","Polygender","China"
"Gwenora","Windress","gwindress68@salon.com","Polygender","Croatia"
"Willi","Farmar","wfarmar69@dagondesign.com","Non-binary","Philippines"
"Derward","Brodbin","dbrodbin6a@flavors.me","Polygender","Russia"
"Roderigo","Hawtin","rhawtin6b@indiegogo.com","Non-binary","Brazil"
"Holly-anne","Deans","hdeans6c@hud.gov","Agender","Mexico"
"Cordy","Itzcovich","citzcovich6d@google.co.jp","Female","Russia"
"Vidovic","Bilsford","vbilsford6e@behance.net","Genderqueer","China"
"Trenna","Fowler","tfowler6f@ftc.gov","Agender","Indonesia"
"Lena","Dobrowski","ldobrowski6g@feedburner.com","Female","Brazil"
"Gerhardine","Sandels","gsandels6h@geocities.com","Agender","China"
"Gherardo","McDell","gmcdell6i@goo.ne.jp","Non-binary","China"
"Skell","Fairbourn","sfairbourn6j@squarespace.com","Polygender","China"
"Florida","Ollerenshaw","follerenshaw6k@qq.com","Female","Indonesia"
"Fons","Tenney","ftenney6l@smugmug.com","Non-binary","Cape Verde"
"Codi","Hoodlass","choodlass6m@reddit.com","Male","China"
"Hamlin","Carriage","hcarriage6n@issuu.com","Agender","Philippines"
"Cosmo","Burkett","cburkett6o@liveinternet.ru","Female","Poland"
"Farlay","Skeen","fskeen6p@ning.com","Bigender","Indonesia"
"Chane","Elmhirst","celmhirst6q@odnoklassniki.ru","Female","Sweden"
"Dorree","Peacey","dpeacey6r@salon.com","Polygender","China"
"Deni","Brodbin","dbrodbin6s@nbcnews.com","Agender","Poland"
"Ardeen","Dallander","adallander6t@cnet.com","Genderfluid","Indonesia"
"Maximilian","Richter","mrichter6u@nasa.gov","Polygender","Peru"
"Ellwood","Eyckelbeck","eeyckelbeck6v@cocolog-nifty.com","Non-binary","Argentina"
"Cole","Halshaw","chalshaw6w@istockphoto.com","Non-binary","Nigeria"
"Brittaney","Scatchar","bscatchar6x@ed.gov","Genderqueer","Zimbabwe"
"Calhoun","Tiron","ctiron6y@dagondesign.com","Female","Belarus"
"Hyacinthia","Cantwell","hcantwell6z@jimdo.com","Genderqueer","Sweden"
"Wandis","Vaisey","wvaisey70@nationalgeographic.com","Agender","Brazil"
"Farlie","McNally","fmcnally71@prlog.org","Non-binary","Indonesia"
"Shelagh","Ortmann","sortmann72@mlb.com","Bigender","Ireland"
"Clint","Issit","cissit73@hp.com","Bigender","Colombia"
"Noll","Anslow","nanslow74@dot.gov","Agender","Russia"
"Camella","Bellwood","cbellwood75@seesaa.net","Non-binary","China"
"Carmen","Nowaczyk","cnowaczyk76@tripod.com","Male","China"
"Lezlie","Jore","ljore77@privacy.gov.au","Genderqueer","France"
"Dorotea","Elderkin","delderkin78@plala.or.jp","Bigender","China"
"Slade","Izakov","sizakov79@usgs.gov","Polygender","Russia"
"Arnoldo","Stoyle","astoyle7a@symantec.com","Polygender","Peru"
"Alwyn","Beesey","abeesey7b@topsy.com","Bigender","Czech Republic"
"Thurston","Eckley","teckley7c@diigo.com","Genderfluid","Portugal"
"Anetta","Slocombe","aslocombe7d@constantcontact.com","Non-binary","Indonesia"
"Cass","Markussen","cmarkussen7e@ihg.com","Female","Indonesia"
"Lucho","Fardy","lfardy7f@myspace.com","Bigender","China"
"Burk","Wooldridge","bwooldridge7g@ox.ac.uk","Bigender","Mali"
"Verna","Scudder","vscudder7h@mapquest.com","Non-binary","China"
"Vannie","Corradi","vcorradi7i@cam.ac.uk","Female","Sweden"
"Ronna","Helstrom","rhelstrom7j@about.me","Polygender","Indonesia"
"Francyne","Urquhart","furquhart7k@bigcartel.com","Agender","Colombia"
"Merle","Maha","mmaha7l@forbes.com","Non-binary","Russia"
"Jo","Wilmore","jwilmore7m@addthis.com","Genderqueer","Brazil"
"Rodrick","Kastel","rkastel7n@bloglovin.com","Genderqueer","Indonesia"
"Artus","Paniman","apaniman7o@dyndns.org","Female","China"
"Hilarius","Pentecust","hpentecust7p@mtv.com","Non-binary","Poland"
"Clementine","Jeandon","cjeandon7q@cocolog-nifty.com","Bigender","China"
"Marsha","Mabon","mmabon7r@theatlantic.com","Agender","Portugal"
"Culley","Winchcomb","cwinchcomb7s@xrea.com","Polygender","China"
"Joy","O'Giany","jogiany7t@ovh.net","Genderfluid","Argentina"
"Parke","Pudden","ppudden7u@bravesites.com","Genderqueer","Ukraine"
"Aloin","Goggin","agoggin7v@cpanel.net","Genderfluid","Finland"
"Martino","Bushaway","mbushaway7w@360.cn","Genderfluid","Tajikistan"
"Florencia","Nafziger","fnafziger7x@mediafire.com","Male","Philippines"
"Annamaria","Matitiaho","amatitiaho7y@freewebs.com","Male","Peru"
"Winfred","Hadeke","whadeke7z@patch.com","Female","Russia"
"Addie","Royson","aroyson80@ifeng.com","Genderfluid","Indonesia"
"Myrtie","Cleaver","mcleaver81@unesco.org","Non-binary","China"
"Trip","Burl","tburl82@spiegel.de","Non-binary","Japan"
"Akim","Crusham","acrusham83@cargocollective.com","Bigender","Armenia"
"Bobbye","Ethridge","bethridge84@privacy.gov.au","Genderfluid","Mexico"
"Kally","Lincey","klincey85@1688.com","Male","Pakistan"
"Meta","Duckitt","mduckitt86@twitpic.com","Female","Hungary"
"Carlye","Hyatt","chyatt87@ustream.tv","Male","Russia"
"Wenda","Harmstone","wharmstone88@census.gov","Genderfluid","Sweden"
"Nedda","Kondratyuk","nkondratyuk89@msu.edu","Male","Cameroon"
"Jasmin","Strawbridge","jstrawbridge8a@edublogs.org","Agender","Portugal"
"Odella","Abrahams","oabrahams8b@google.co.uk","Female","Albania"
"Mab","Gagin","mgagin8c@angelfire.com","Polygender","Italy"
"Nonie","Aubray","naubray8d@rediff.com","Non-binary","China"
"Raffaello","Oaks","roaks8e@yelp.com","Female","China"
"Corrie","Iltchev","ciltchev8f@webs.com","Non-binary","Peru"
"Rafe","Dunnion","rdunnion8g@parallels.com","Polygender","China"
"Alford","Hannaford","ahannaford8h@ihg.com","Genderqueer","Djibouti"
"Bessy","Cosgreave","bcosgreave8i@theglobeandmail.com","Non-binary","Indonesia"
"Bendite","Culross","bculross8j@yahoo.co.jp","Non-binary","China"
"Alisander","McBeth","amcbeth8k@army.mil","Male","Brazil"
"Jocelin","Frantsev","jfrantsev8l@ebay.com","Polygender","Colombia"
"Ceil","Schnitter","cschnitter8m@cmu.edu","Polygender","South Korea"
"Ameline","Stoter","astoter8n@paginegialle.it","Agender","Indonesia"
"Nat","Ruos","nruos8o@harvard.edu","Polygender","Brazil"
"Grantley","January 1st","gjanuaryst8p@deliciousdays.com","Polygender","Colombia"
"Catharine","Raynard","craynard8q@lycos.com","Male","China"
"Foster","Eaglen","feaglen8r@biglobe.ne.jp","Male","South Korea"
"Winna","Liddard","wliddard8s@example.com","Polygender","Indonesia"
"Bernadette","Boult","bboult8t@economist.com","Female","Palestinian Territory"
"Magdalene","Gledhill","mgledhill8u@opensource.org","Bigender","China"
"Joey","McCook","jmccook8v@ustream.tv","Genderqueer","China"
"Anatole","Boken","aboken8w@mediafire.com","Agender","Albania"
"Cicily","Carnell","ccarnell8x@ted.com","Agender","United States"
"Chandal","Sambiedge","csambiedge8y@chronoengine.com","Bigender","Philippines"
"Quincey","Berthelmot","qberthelmot8z@sfgate.com","Bigender","Portugal"
"Jacinthe","Barnsdall","jbarnsdall90@eventbrite.com","Bigender","Peru"
"Leisha","Knowlden","lknowlden91@i2i.jp","Genderfluid","Poland"
"Danya","Scholte","dscholte92@multiply.com","Non-binary","Indonesia"
"Bobbee","Enderlein","benderlein93@jiathis.com","Non-binary","China"
"Ogden","Mauditt","omauditt94@wikispaces.com","Genderfluid","Honduras"
"Michel","Wheildon","mwheildon95@surveymonkey.com","Genderfluid","Martinique"
"Rozanna","Morrid","rmorrid96@mtv.com","Female","Philippines"
"Nellie","Messitt","nmessitt97@stanford.edu","Agender","Canada"
"Cly","McCarty","cmccarty98@umn.edu","Genderqueer","Philippines"
"Sandor","Goodayle","sgoodayle99@nih.gov","Female","Philippines"
"Waylen","Rosenqvist","wrosenqvist9a@gnu.org","Agender","United States"
"Sidney","Grayne","sgrayne9b@wix.com","Polygender","Russia"
"Odette","Hawkswood","ohawkswood9c@craigslist.org","Non-binary","Russia"
"Dedie","Franc","dfranc9d@elpais.com","Agender","Poland"
"Denys","Youll","dyoull9e@pen.io","Male","Paraguay"
"Verge","Ors","vors9f@ucoz.com","Male","Indonesia"
"Innis","Heild","iheild9g@vkontakte.ru","Genderqueer","China"
"Shelli","D'Alwis","sdalwis9h@google.com.br","Agender","Indonesia"
"Thomasin","Braybrooke","tbraybrooke9i@newyorker.com","Male","Poland"
"Caleb","Dyas","cdyas9j@cisco.com","Non-binary","Serbia"
"Kippar","Meys","kmeys9k@sourceforge.net","Genderqueer","Ukraine"
"Brigida","Whetnell","bwhetnell9l@alibaba.com","Male","Vietnam"
"Caresa","Rumming","crumming9m@epa.gov","Bigender","Peru"
"Ira","Primo","iprimo9n@geocities.com","Male","Mongolia"
"Lucita","Djurdjevic","ldjurdjevic9o@typepad.com","Polygender","Nicaragua"
"Carilyn","Gallanders","cgallanders9p@yahoo.com","Non-binary","Canada"
"Zita","Alexsandrev","zalexsandrev9q@nytimes.com","Agender","Finland"
"Dino","Jerche","djerche9r@army.mil","Non-binary","Indonesia"
"Keefer","Scaysbrook","kscaysbrook9s@reuters.com","Polygender","Portugal"
"Abey","Gonzalo","agonzalo9t@dion.ne.jp","Genderqueer","Sweden"
"Darice","Rives","drives9u@istockphoto.com","Polygender","Poland"
"Berkie","Lotherington","blotherington9v@noaa.gov","Genderqueer","Tanzania"
"Cob","Archbald","carchbald9w@jiathis.com","Genderqueer","China"
"Lanni","Wandrack","lwandrack9x@hao123.com","Genderqueer","Angola"
"Farly","Ruprich","fruprich9y@apple.com","Polygender","Botswana"
"Lexy","Audus","laudus9z@fc2.com","Polygender","Poland"
"Wyndham","Laurand","wlauranda0@51.la","Non-binary","Tuvalu"
"Eunice","Dunkirk","edunkirka1@webeden.co.uk","Polygender","Thailand"
"Cassandra","Castillou","ccastilloua2@delicious.com","Polygender","Indonesia"
"Sollie","Heel","sheela3@reference.com","Agender","Sweden"
"Lettie","O'Sheilds","losheildsa4@de.vu","Agender","Russia"
"Ivie","Dibner","idibnera5@mapy.cz","Genderfluid","Yemen"
"Gradeigh","de Keep","gdekeepa6@uiuc.edu","Male","Russia"
"Derrek","Libero","dliberoa7@cbsnews.com","Genderfluid","Sweden"
"Eleanore","Escala","eescalaa8@shutterfly.com","Non-binary","Thailand"
"Caye","Michel","cmichela9@mozilla.com","Non-binary","Portugal"
"Joella","Cornil","jcornilaa@vinaora.com","Polygender","Cameroon"
"Cele","Bernier","cbernierab@earthlink.net","Female","China"
"Layne","Dahlman","ldahlmanac@blinklist.com","Female","Czech Republic"
"Dill","Dickon","ddickonad@nymag.com","Genderqueer","Indonesia"
"Chiquita","Barry","cbarryae@nytimes.com","Polygender","Nicaragua"
"Merralee","Branney","mbranneyaf@comcast.net","Non-binary","Argentina"
"Caren","Petrichat","cpetrichatag@flavors.me","Bigender","China"
"Theodore","Boller","tbollerah@sogou.com","Agender","China"
"Obed","Illesley","oillesleyai@twitpic.com","Genderqueer","China"
"Elfrida","Valencia","evalenciaaj@dyndns.org","Male","Brazil"
"Christie","Joannic","cjoannicak@imgur.com","Genderqueer","Germany"
"Lonni","Cowdery","lcowderyal@imgur.com","Male","Russia"
"Tyrus","Saket","tsaketam@posterous.com","Agender","China"
"Tatiania","Hugnin","thugninan@tamu.edu","Agender","Sweden"
"Tiffany","Tolley","ttolleyao@macromedia.com","Genderqueer","Sweden"
"Morgun","Treweela","mtreweelaap@ebay.com","Male","Poland"
"Stephan","Beggi","sbeggiaq@apple.com","Polygender","Nepal"
"Kary","Duffield","kduffieldar@newsvine.com","Genderqueer","China"
"Charin","Lindgren","clindgrenas@newyorker.com","Male","Russia"
"Dilly","New","dnewat@cbslocal.com","Bigender","Japan"
"Deloris","Iacopetti","diacopettiau@nba.com","Polygender","Malawi"
"Guy","Bisatt","gbisattav@instagram.com","Genderfluid","Paraguay"
"Nessi","Swanne","nswanneaw@drupal.org","Female","Brazil"
"Hewie","Prudham","hprudhamax@europa.eu","Polygender","Sweden"
"Aube","Frisel","afriselay@w3.org","Male","Japan"
"Estrellita","Natwick","enatwickaz@pagesperso-orange.fr","Genderfluid","China"
"Willard","Dive","wdiveb0@mlb.com","Male","Sweden"
"Clint","Owain","cowainb1@google.com.hk","Male","Vietnam"
"Maximilien","Reeman","mreemanb2@unblog.fr","Bigender","Portugal"
"Dorie","Picard","dpicardb3@nsw.gov.au","Genderqueer","Philippines"
"Ewan","McNaught","emcnaughtb4@narod.ru","Female","Dominica"
"Donni","Strephan","dstrephanb5@furl.net","Bigender","France"
"Brittan","Meldrum","bmeldrumb6@etsy.com","Non-binary","China"
"Leighton","Dumphry","ldumphryb7@miibeian.gov.cn","Genderqueer","Colombia"
"Legra","Kaveney","lkaveneyb8@feedburner.com","Agender","Malaysia"
"Kippie","Elcum","kelcumb9@businessweek.com","Polygender","Poland"
"Corbett","Wrankling","cwranklingba@wisc.edu","Genderqueer","Samoa"
"Valera","Tuck","vtuckbb@google.ru","Female","Portugal"
"Agustin","Blamphin","ablamphinbc@ustream.tv","Bigender","Indonesia"
"Joeann","Finnick","jfinnickbd@1und1.de","Female","China"
"Stormi","Powlesland","spowleslandbe@wikipedia.org","Male","Malaysia"
"Cristi","Slyman","cslymanbf@cbc.ca","Bigender","Indonesia"
"Nikola","Yearby","nyearbybg@time.com","Genderqueer","Brazil"
"D'arcy","Crickmer","dcrickmerbh@biblegateway.com","Male","Myanmar"
"Elvin","Liversley","eliversleybi@liveinternet.ru","Non-binary","China"
"Karoly","Clementi","kclementibj@trellian.com","Male","Indonesia"
"Ethelred","Flory","eflorybk@360.cn","Genderqueer","Greece"
"Lonnie","Lissemore","llissemorebl@bigcartel.com","Polygender","Iran"
"Ida","Dresser","idresserbm@omniture.com","Polygender","Peru"
"Cleon","Loncaster","cloncasterbn@umn.edu","Non-binary","China"
"Goldie","Camolli","gcamollibo@reddit.com","Genderfluid","Thailand"
"Bailey","Apted","baptedbp@stanford.edu","Genderqueer","Colombia"
"Burt","Cluff","bcluffbq@smugmug.com","Genderfluid","Indonesia"
"Lanie","Ogg","loggbr@icq.com","Genderfluid","China"
"Natala","Goade","ngoadebs@printfriendly.com","Agender","China"
"Sherlocke","Yashanov","syashanovbt@symantec.com","Polygender","Greece"
"Seth","Brocklebank","sbrocklebankbu@google.cn","Non-binary","Croatia"
"Brocky","Jewster","bjewsterbv@boston.com","Non-binary","China"
"Josey","Fullicks","jfullicksbw@amazon.de","Agender","New Zealand"
"Kory","Baraja","kbarajabx@sitemeter.com","Genderfluid","Canada"
"Lotti","Kermode","lkermodeby@google.nl","Bigender","Indonesia"
"Berky","Francioli","bfranciolibz@ft.com","Non-binary","Greece"
"Edouard","Salan","esalanc0@fastcompany.com","Bigender","Mozambique"
"Lane","Blore","lblorec1@google.nl","Non-binary","Armenia"
"Wynne","Matzaitis","wmatzaitisc2@yellowbook.com","Genderfluid","Portugal"
"Rosanne","Berendsen","rberendsenc3@ning.com","Bigender","Indonesia"
"Chad","Frays","cfraysc4@slashdot.org","Female","Philippines"
"Deidre","Hightown","dhightownc5@ca.gov","Non-binary","Azerbaijan"
"Meara","Cremer","mcremerc6@miibeian.gov.cn","Agender","Ukraine"
"Osbourne","Abrahamsen","oabrahamsenc7@java.com","Bigender","Peru"
"Maris","Reubbens","mreubbensc8@washingtonpost.com","Female","China"
"Bibi","Whysall","bwhysallc9@lycos.com","Male","Indonesia"
"Alden","Woodford","awoodfordca@unicef.org","Male","Philippines"
"Allan","Trinkwon","atrinkwoncb@independent.co.uk","Agender","China"
"Almeta","Braisher","abraishercc@seattletimes.com","Male","Indonesia"
"Christy","Maldin","cmaldincd@trellian.com","Genderfluid","France"
"Alysa","Bixley","abixleyce@wiley.com","Agender","China"
"Elias","Platfoot","eplatfootcf@berkeley.edu","Bigender","Nepal"
"Quinlan","Biesterfeld","qbiesterfeldcg@booking.com","Male","Nigeria"
"Ellary","Goodayle","egoodaylech@intel.com","Male","China"
"Gypsy","Bote","gboteci@delicious.com","Non-binary","Argentina"
"Addi","Snepp","asneppcj@foxnews.com","Agender","Poland"
"Shaun","Gilpillan","sgilpillanck@senate.gov","Agender","Philippines"
"Arnoldo","Goshawk","agoshawkcl@seattletimes.com","Non-binary","Slovenia"
"Sim","Macken","smackencm@tinyurl.com","Agender","France"
"Dorey","Ferencz","dferenczcn@reverbnation.com","Genderqueer","China"
"Milly","Blything","mblythingco@cisco.com","Genderfluid","Poland"
"Pip","Seaman","pseamancp@berkeley.edu","Genderfluid","Russia"
"Biddie","Hill","bhillcq@ocn.ne.jp","Polygender","Russia"
"Gonzalo","Widdicombe","gwiddicombecr@dyndns.org","Female","United States"
"Rhody","Wyper","rwypercs@desdev.cn","Bigender","Guyana"
"Lamar","Keilty","lkeiltyct@hao123.com","Polygender","Czech Republic"
"Damiano","Valentinetti","dvalentinetticu@omniture.com","Bigender","Japan"
"Marleen","Yurshev","myurshevcv@princeton.edu","Male","Philippines"
"Melvyn","Ind","mindcw@google.com.br","Genderfluid","China"
"Win","Whatman","wwhatmancx@twitter.com","Female","Chile"
"Haley","Baszkiewicz","hbaszkiewiczcy@so-net.ne.jp","Genderfluid","Indonesia"
"Nick","Elington","nelingtoncz@smh.com.au","Bigender","Palestinian Territory"
"Morganica","Gavigan","mgavigand0@t.co","Non-binary","Venezuela"
"Gan","Wakelin","gwakelind1@paypal.com","Non-binary","China"
"Noel","Scriven","nscrivend2@lycos.com","Female","China"
"Barbara","Potzold","bpotzoldd3@myspace.com","Bigender","Brazil"
"Goddart","Quemby","gquembyd4@cisco.com","Male","Indonesia"
"Allina","Farlane","afarlaned5@dedecms.com","Female","Sweden"
"Lettie","Sheffield","lsheffieldd6@lycos.com","Bigender","Costa Rica"
"Fields","Southard","fsouthardd7@shareasale.com","Bigender","Ukraine"
"Don","Gidden","dgiddend8@dailymail.co.uk","Genderqueer","France"
"Silvan","Bewley","sbewleyd9@wiley.com","Polygender","Brazil"
"Marigold","Boyet","mboyetda@loc.gov","Non-binary","China"
"Neysa","Waudby","nwaudbydb@gov.uk","Genderfluid","Guam"
"Cass","Sheaber","csheaberdc@hud.gov","Polygender","Ukraine"
"Lanny","Slesser","lslesserdd@wikia.com","Female","China"
"Ripley","Cornborough","rcornboroughde@qq.com","Genderqueer","Poland"
"Justis","Braune","jbraunedf@shop-pro.jp","Genderfluid","China"
"Philippa","Karmel","pkarmeldg@live.com","Genderfluid","Portugal"
"Kellina","Rigler","kriglerdh@cnbc.com","Bigender","Ireland"
"Datha","Mobbs","dmobbsdi@boston.com","Bigender","Greece"
"Emmie","Balcock","ebalcockdj@gov.uk","Male","Indonesia"
"Quintin","Geater","qgeaterdk@hostgator.com","Genderqueer","Russia"
"Abbey","Lugsdin","alugsdindl@house.gov","Agender","Netherlands"
"Dolly","Piet","dpietdm@fc2.com","Male","Sweden"
"Aubrette","Galletley","agalletleydn@lulu.com","Genderqueer","Antigua and Barbuda"
"Hollis","Brassill","hbrassilldo@springer.com","Agender","Uzbekistan"
"Cherry","Dewen","cdewendp@imageshack.us","Genderqueer","Kazakhstan"
"Alayne","Philpots","aphilpotsdq@si.edu","Genderqueer","Haiti"
"Cari","Beggi","cbeggidr@deliciousdays.com","Polygender","Sweden"
"Marshal","St. Aubyn","mstaubynds@squarespace.com","Genderqueer","Philippines"
"Barbie","Brigshaw","bbrigshawdt@timesonline.co.uk","Bigender","Canada"
"Tadd","Walpole","twalpoledu@sun.com","Agender","Sweden"
"Ichabod","Bane","ibanedv@tinypic.com","Bigender","Philippines"
"Walton","Stanyforth","wstanyforthdw@smh.com.au","Non-binary","Venezuela"
"Hilde","Tillot","htillotdx@yandex.ru","Male","China"
"Danni","Craigs","dcraigsdy@cdc.gov","Agender","Reunion"
"Dorotea","Bolger","dbolgerdz@ehow.com","Agender","Argentina"
"Crosby","Bastard","cbastarde0@t-online.de","Agender","Indonesia"
"Bo","Matteau","bmatteaue1@devhub.com","Non-binary","China"
"Mady","McVicker","mmcvickere2@domainmarket.com","Genderqueer","Russia"
"Stephanie","Sapauton","ssapautone3@vimeo.com","Non-binary","Poland"
"Had","Espadate","hespadatee4@networksolutions.com","Male","China"
"Spense","Evered","severede5@tinypic.com","Genderfluid","France"
"Ellsworth","Gentry","egentrye6@123-reg.co.uk","Non-binary","Colombia"
"Ephrem","Viveash","eviveashe7@godaddy.com","Polygender","Colombia"
"Jehanna","Rochford","jrochforde8@auda.org.au","Female","Indonesia"
"Melisandra","Gurden","mgurdene9@imdb.com","Female","China"
"Jeanine","Watkiss","jwatkissea@cnn.com","Female","Philippines"
"Meghan","Shipp","mshippeb@posterous.com","Genderqueer","Indonesia"
"Dickie","Dessaur","ddessaurec@google.ca","Genderqueer","Indonesia"
"Base","Pavitt","bpavitted@icq.com","Non-binary","Peru"
"Mala","Epsly","mepslyee@naver.com","Male","France"
"Rosalinda","Handke","rhandkeef@seesaa.net","Genderqueer","New Caledonia"
"Hubert","Egginton","heggintoneg@sciencedaily.com","Non-binary","Portugal"
"Javier","Mocker","jmockereh@paypal.com","Polygender","Indonesia"
"Odele","Poultney","opoultneyei@macromedia.com","Non-binary","Ireland"
"Derk","Bartles","dbartlesej@hhs.gov","Bigender","Vietnam"
"Raimundo","Wythe","rwytheek@craigslist.org","Female","Indonesia"
"Farleigh","Northcote","fnorthcoteel@webnode.com","Male","Serbia"
"Noami","Coot","ncootem@mlb.com","Genderfluid","Philippines"
"Ranique","Fealy","rfealyen@accuweather.com","Genderqueer","Malaysia"
"Nani","Jupp","njuppeo@phpbb.com","Agender","Poland"
"Pascale","De Micoli","pdemicoliep@blogger.com","Female","Azerbaijan"
"Cristine","Collinwood","ccollinwoodeq@mozilla.org","Genderqueer","Belarus"
"Meg","MacKibbon","mmackibboner@amazon.de","Agender","Indonesia"
"Abner","McMullen","amcmullenes@addthis.com","Polygender","Finland"
"Elfreda","Kewzick","ekewzicket@jiathis.com","Female","Republic of the Congo"
"Griselda","Becks","gbeckseu@altervista.org","Genderfluid","China"
"Hersch","Di Lucia","hdiluciaev@weibo.com","Bigender","China"
"Aileen","Treagust","atreagustew@cnet.com","Bigender","China"
"Dare","MacRirie","dmacririeex@google.ru","Non-binary","South Africa"
"Janeta","Van der Beken","jvanderbekeney@narod.ru","Non-binary","Czech Republic"
"Charley","Knight","cknightez@squarespace.com","Female","China"
"Karena","Routledge","kroutledgef0@vk.com","Non-binary","Croatia"
"Ulla","Cowp","ucowpf1@oracle.com","Genderfluid","Czech Republic"
"Antonetta","Gearing","agearingf2@sogou.com","Agender","France"
"Norean","Hens","nhensf3@ucla.edu","Genderqueer","Indonesia"
"Julee","Densie","jdensief4@elpais.com","Polygender","Albania"
"Karol","Niess","kniessf5@tripadvisor.com","Polygender","Mexico"
"Adelaida","Bagot","abagotf6@unicef.org","Bigender","United States"
"Nina","Osgorby","nosgorbyf7@e-recht24.de","Female","Vietnam"
"Jorge","Yarnley","jyarnleyf8@theatlantic.com","Female","Colombia"
"Roxy","Cyphus","rcyphusf9@mozilla.com","Male","France"
"Cirilo","Koene","ckoenefa@comcast.net","Agender","Indonesia"
"Gates","Mardling","gmardlingfb@homestead.com","Genderfluid","Equatorial Guinea"
"Rob","Jozsef","rjozseffc@goo.gl","Genderqueer","Indonesia"
"Gordan","Daish","gdaishfd@hao123.com","Male","Egypt"
"Valeda","Concannon","vconcannonfe@nps.gov","Bigender","Uzbekistan"
"Clemmie","Staynes","cstaynesff@huffingtonpost.com","Bigender","Poland"
"Linnell","Soldi","lsoldifg@amazon.de","Genderfluid","Benin"
"Felic","Vondrak","fvondrakfh@deliciousdays.com","Genderqueer","Russia"
"Milty","Reffe","mreffefi@narod.ru","Polygender","Kenya"
"Shela","Ogers","sogersfj@narod.ru","Genderqueer","Portugal"
"Katheryn","Samworth","ksamworthfk@amazon.co.uk","Male","Portugal"
"Riobard","Spuner","rspunerfl@surveymonkey.com","Genderfluid","Ethiopia"
"Vikky","Beak","vbeakfm@joomla.org","Polygender","Russia"
"Rennie","Costen","rcostenfn@bravesites.com","Male","El Salvador"
"Lewiss","Tarn","ltarnfo@sciencedirect.com","Bigender","Venezuela"
"Dottie","Skains","dskainsfp@chicagotribune.com","Bigender","Sweden"
"Florrie","Zimek","fzimekfq@canalblog.com","Genderqueer","Indonesia"
"Enrika","Cranston","ecranstonfr@typepad.com","Agender","China"
"Finn","Goodram","fgoodramfs@unicef.org","Female","Greece"
"Claudian","Soonhouse","csoonhouseft@earthlink.net","Polygender","France"
"Bobina","Gladeche","bgladechefu@newsvine.com","Male","Kazakhstan"
"Aurilia","Chastanet","achastanetfv@digg.com","Non-binary","South Korea"
"Carrissa","Troubridge","ctroubridgefw@pbs.org","Genderfluid","Burkina Faso"
"Zack","Cleevely","zcleevelyfx@amazon.com","Male","Venezuela"
"Deedee","Bernardino","dbernardinofy@fotki.com","Genderfluid","Mexico"
"Morton","Lampl","mlamplfz@usatoday.com","Genderfluid","Bulgaria"
"Ysabel","Deverick","ydeverickg0@google.de","Polygender","Russia"
"Boyce","Fillan","bfillang1@loc.gov","Polygender","United States"
"Evvy","Laba","elabag2@berkeley.edu","Polygender","Indonesia"
"Patricio","Chafney","pchafneyg3@networkadvertising.org","Bigender","China"
"Katha","Petyt","kpetytg4@spiegel.de","Polygender","Macedonia"
"Florri","Coltart","fcoltartg5@china.com.cn","Genderfluid","Ethiopia"
"Giustino","Crowdace","gcrowdaceg6@latimes.com","Agender","China"
"Shelby","Fivey","sfiveyg7@lulu.com","Genderfluid","Russia"
"Kathleen","Louedey","klouedeyg8@microsoft.com","Genderfluid","Russia"
"Thadeus","Baversor","tbaversorg9@go.com","Bigender","Qatar"
"Raff","Petheridge","rpetheridgega@edublogs.org","Male","Bosnia and Herzegovina"
"Viki","Casiroli","vcasiroligb@imdb.com","Genderqueer","Ukraine"
"Jane","Donnellan","jdonnellangc@prlog.org","Female","China"
"Reeta","Fairman","rfairmangd@icio.us","Genderqueer","Japan"
"Godfrey","Bixley","gbixleyge@arstechnica.com","Female","Peru"
"Amery","Calles","acallesgf@diigo.com","Bigender","Russia"
"Fleur","Fibbens","ffibbensgg@cbslocal.com","Female","Kazakhstan"
"Esme","Gamell","egamellgh@dropbox.com","Non-binary","Vietnam"
"Miran","Cammish","mcammishgi@cloudflare.com","Polygender","Indonesia"
"Blanche","Booth-Jarvis","bboothjarvisgj@paypal.com","Genderfluid","Indonesia"
"Marv","McKiernan","mmckiernangk@woothemes.com","Genderqueer","Ivory Coast"
"Bruno","Flohard","bflohardgl@bloglines.com","Non-binary","Brazil"
"Leone","Sabben","lsabbengm@devhub.com","Genderfluid","Tanzania"
"Jere","Frantzen","jfrantzengn@angelfire.com","Polygender","China"
"Brenden","Verling","bverlinggo@wordpress.org","Non-binary","Sweden"
"Em","Arkwright","earkwrightgp@bravesites.com","Genderqueer","China"
"Bogey","Patrono","bpatronogq@lulu.com","Female","Poland"
"Christabel","Brothwell","cbrothwellgr@prweb.com","Female","Sweden"
"Mikey","Crosetti","mcrosettigs@artisteer.com","Female","Philippines"
"Dania","Armin","darmingt@phoca.cz","Non-binary","Philippines"
"Duane","O'Collopy","docollopygu@xing.com","Genderfluid","China"
"Cirilo","Pharrow","cpharrowgv@chronoengine.com","Genderqueer","Norway"
"Lorinda","Jentle","ljentlegw@etsy.com","Female","China"
"Adelaide","Glyssanne","aglyssannegx@walmart.com","Female","Mexico"
"Joice","Lensch","jlenschgy@pagesperso-orange.fr","Genderfluid","Ukraine"
"Beaufort","Rizzelli","brizzelligz@bloglovin.com","Male","Cameroon"
"Chicky","Twigg","ctwiggh0@arizona.edu","Bigender","Indonesia"
"Kandy","Brandreth","kbrandrethh1@last.fm","Genderfluid","China"
"Florence","Probert","fproberth2@gov.uk","Genderqueer","Poland"
"Lind","Churchlow","lchurchlowh3@mashable.com","Genderqueer","Portugal"
"Allayne","Gladding","agladdingh4@toplist.cz","Polygender","Philippines"
"Hadria","Pantin","hpantinh5@typepad.com","Bigender","Netherlands"
"Terencio","Hinchshaw","thinchshawh6@twitter.com","Non-binary","China"
"Dorella","Giorgiutti","dgiorgiuttih7@edublogs.org","Non-binary","United States"
"Jillana","Brundrett","jbrundretth8@gizmodo.com","Non-binary","Portugal"
"Bunni","Holttom","bholttomh9@mozilla.org","Agender","Tunisia"
"Zaneta","Perroni","zperroniha@goo.ne.jp","Agender","China"
"Aurelia","Ransome","aransomehb@biglobe.ne.jp","Non-binary","Cuba"
"Madlen","Kyberd","mkyberdhc@flavors.me","Agender","Thailand"
"Melita","Rothchild","mrothchildhd@skype.com","Polygender","Indonesia"
"Bernhard","Jennick","bjennickhe@comsenz.com","Genderfluid","Russia"
"Trueman","Lammas","tlammashf@bloglovin.com","Genderfluid","Canada"
"Bil","Boylin","bboylinhg@columbia.edu","Female","Swaziland"
"Andee","Spivey","aspiveyhh@nymag.com","Genderqueer","China"
"Lyle","Brecon","lbreconhi@irs.gov","Genderqueer","China"
"Alla","Stetlye","astetlyehj@uiuc.edu","Genderqueer","United States"
"Shirline","Beste","sbestehk@answers.com","Female","China"
"Riva","Usher","rusherhl@nydailynews.com","Polygender","Democratic Republic of the Congo"
"Arron","Janssens","ajanssenshm@gov.uk","Female","Ethiopia"
"Sisile","Kimbell","skimbellhn@va.gov","Agender","Indonesia"
"Bradan","Clover","bcloverho@tiny.cc","Female","China"
"Bernarr","Matuszewski","bmatuszewskihp@1und1.de","Agender","China"
"Arluene","Penhallurick","apenhallurickhq@tmall.com","Non-binary","China"
"Mendie","Cram","mcramhr@npr.org","Bigender","China"
"Mae","Daingerfield","mdaingerfieldhs@sohu.com","Genderfluid","China"
"Sibelle","Ghioni","sghioniht@i2i.jp","Polygender","South Africa"
"Nadiya","Pond","npondhu@amazon.com","Non-binary","China"
"Timothee","Toope","ttoopehv@cbsnews.com","Genderfluid","Colombia"
"Adriane","Pessel","apesselhw@topsy.com","Agender","Japan"
"Mycah","O'Crevy","mocrevyhx@dedecms.com","Genderfluid","China"
"Janice","Stocking","jstockinghy@wix.com","Bigender","Russia"
"Lauren","McTerrelly","lmcterrellyhz@bloomberg.com","Female","Indonesia"
"Moishe","McKean","mmckeani0@sogou.com","Non-binary","China"
"Brittney","Bonass","bbonassi1@mediafire.com","Agender","China"
"Budd","Sweedland","bsweedlandi2@techcrunch.com","Polygender","Tunisia"
"Annalise","Gladtbach","agladtbachi3@upenn.edu","Female","Botswana"
"Bari","Harhoff","bharhoffi4@buzzfeed.com","Non-binary","Cambodia"
"Hewitt","Senecaux","hsenecauxi5@hao123.com","Male","China"
"Tracey","Driutti","tdriuttii6@yelp.com","Male","China"
"Auberon","Roscher","aroscheri7@nsw.gov.au","Polygender","Armenia"
"Marijn","Rate","mratei8@cornell.edu","Agender","Sweden"
"Urban","Shillitto","ushillittoi9@paginegialle.it","Non-binary","Indonesia"
"Florrie","Neilan","fneilania@blinklist.com","Bigender","Ukraine"
"Isador","Caustick","icaustickib@vistaprint.com","Bigender","Sweden"
"Kesley","Behnke","kbehnkeic@altervista.org","Female","Portugal"
"August","Lynn","alynnid@elegantthemes.com","Male","Brazil"
"Branden","Delgado","bdelgadoie@home.pl","Bigender","Canada"
"Shannan","Tunnow","stunnowif@csmonitor.com","Male","Canada"
"Englebert","Borell","eborellig@people.com.cn","Male","Portugal"
"Carine","Fitkin","cfitkinih@creativecommons.org","Non-binary","Brazil"
"Allyn","McElmurray","amcelmurrayii@ovh.net","Agender","Kuwait"
"Connie","McElroy","cmcelroyij@dmoz.org","Bigender","Brazil"
"Minor","Caulliere","mcaulliereik@archive.org","Bigender","Sweden"
"Trista","Itzakovitz","titzakovitzil@stanford.edu","Genderfluid","China"
"Floris","Brammall","fbrammallim@mysql.com","Genderfluid","Indonesia"
"Barris","Denys","bdenysin@gizmodo.com","Male","China"
"Roth","Sentance","rsentanceio@comcast.net","Non-binary","Bangladesh"
"Travis","Labone","tlaboneip@sohu.com","Male","Russia"
"Lem","Birk","lbirkiq@microsoft.com","Genderqueer","China"
"Marylynne","Andrysiak","mandrysiakir@cdbaby.com","Bigender","Sweden"
"Nye","Yegorshin","nyegorshinis@reuters.com","Female","Russia"
"Virgie","Vittle","vvittleit@tamu.edu","Genderqueer","China"
"Emmy","Gibson","egibsoniu@tinypic.com","Non-binary","Portugal"
"Elsa","Skim","eskimiv@163.com","Non-binary","Peru"
"Stephie","Mullin","smulliniw@chicagotribune.com","Polygender","China"
"Arda","Bickerdyke","abickerdykeix@hc360.com","Agender","Poland"
"Kesley","Waddams","kwaddamsiy@naver.com","Bigender","France"
"Orion","Schleswig-Holstein","oschleswigholsteiniz@rambler.ru","Female","Netherlands"
"Rodrigo","Woodfin","rwoodfinj0@bloomberg.com","Bigender","Thailand"
"Benedicta","Jirsa","bjirsaj1@cdbaby.com","Male","Thailand"
"Carlie","Lanham","clanhamj2@fotki.com","Female","China"
"Constancia","Clamp","cclampj3@cnbc.com","Bigender","Czech Republic"
"Danyette","Lecount","dlecountj4@tinyurl.com","Genderqueer","Finland"
"Freddie","Prinn","fprinnj5@etsy.com","Bigender","Afghanistan"
"Dov","Newlin","dnewlinj6@yellowbook.com","Female","Iraq"
"Zacharie","Necrews","znecrewsj7@imageshack.us","Female","Brazil"
"Lilian","Moyne","lmoynej8@baidu.com","Genderqueer","Tanzania"
"Henry","Kencott","hkencottj9@weibo.com","Polygender","Norway"
"Emmanuel","Blunsom","eblunsomja@nationalgeographic.com","Genderqueer","Sweden"
"Kele","Altimas","kaltimasjb@ca.gov","Genderfluid","Indonesia"
"Madonna","Anthona","manthonajc@phpbb.com","Male","China"
"Harlan","Ryburn","hryburnjd@sohu.com","Non-binary","Brazil"
"Marina","Petegrew","mpetegrewje@creativecommons.org","Genderqueer","Poland"
"Emiline","Wicklin","ewicklinjf@squarespace.com","Male","Philippines"
"Woodrow","Rodenborch","wrodenborchjg@nhs.uk","Male","Poland"
"Nita","Covell","ncovelljh@unc.edu","Genderqueer","United States"
"Erek","Garlee","egarleeji@seesaa.net","Agender","Philippines"
"Stirling","Wickersley","swickersleyjj@bloomberg.com","Female","Netherlands"
"Kellie","Mougin","kmouginjk@over-blog.com","Genderfluid","Sweden"
"Christin","McGillreich","cmcgillreichjl@un.org","Polygender","Iran"
"Adelbert","Caulket","acaulketjm@about.me","Genderfluid","Morocco"
"Veronika","Flecknell","vflecknelljn@dell.com","Non-binary","Indonesia"
"Angeli","Nizard","anizardjo@opensource.org","Bigender","Malaysia"
"Ber","Roseveare","brosevearejp@usnews.com","Genderqueer","China"
"Marnia","Wadwell","mwadwelljq@dropbox.com","Male","United States"
"Marilee","Huot","mhuotjr@marriott.com","Polygender","Cameroon"
"Prudy","Rentoll","prentolljs@cnbc.com","Genderfluid","Poland"
"Chandal","Eiler","ceilerjt@spiegel.de","Agender","Brazil"
"Costa","Cardo","ccardoju@stumbleupon.com","Bigender","Russia"
"Lexy","Angerstein","langersteinjv@amazon.com","Bigender","Bulgaria"
"Viviene","Pierrepoint","vpierrepointjw@ebay.co.uk","Polygender","Russia"
"Boony","Matejic","bmatejicjx@barnesandnoble.com","Bigender","Philippines"
"Antone","Rivaland","arivalandjy@usda.gov","Agender","China"
"Gabriellia","Pulfer","gpulferjz@timesonline.co.uk","Male","Russia"
"Clemmy","O'Hickee","cohickeek0@networkadvertising.org","Non-binary","Belarus"
"Amitie","Tidey","atideyk1@myspace.com","Non-binary","Indonesia"
"Moyra","Witherup","mwitherupk2@behance.net","Agender","Armenia"
"Aeriell","Diess","adiessk3@purevolume.com","Female","Ukraine"
"Elie","Klugel","eklugelk4@feedburner.com","Non-binary","China"
"Shellysheldon","Perrington","sperringtonk5@smh.com.au","Male","Portugal"
"Maybelle","Irnis","mirnisk6@answers.com","Bigender","Jordan"
"Sonnnie","Cabrer","scabrerk7@usnews.com","Genderqueer","Guatemala"
"Ursala","Ganter","uganterk8@storify.com","Polygender","Ukraine"
"Teodor","Eddow","teddowk9@java.com","Agender","Indonesia"
"Evita","Flory","efloryka@usnews.com","Genderqueer","China"
"Kimball","Lyes","klyeskb@yandex.ru","Genderfluid","Sweden"
"Eziechiele","Chelley","echelleykc@buzzfeed.com","Bigender","China"
"Edlin","Middlebrook","emiddlebrookkd@cdc.gov","Non-binary","Ireland"
"Aylmer","Ogelbe","aogelbeke@state.gov","Genderqueer","Hong Kong"
"Celie","Larderot","clarderotkf@tinypic.com","Male","United States"
"Bennett","Creebo","bcreebokg@mozilla.com","Female","Sweden"
"Clayborn","Nabarro","cnabarrokh@etsy.com","Genderqueer","Indonesia"
"Nyssa","Szymon","nszymonki@feedburner.com","Non-binary","Svalbard and Jan Mayen"
"Brett","Rapin","brapinkj@oaic.gov.au","Polygender","Burkina Faso"
"Allyson","Pull","apullkk@purevolume.com","Genderqueer","Ukraine"
"Suzy","Cicchillo","scicchillokl@princeton.edu","Genderqueer","Finland"
"Diannne","Langcastle","dlangcastlekm@liveinternet.ru","Male","Egypt"
"Judye","Goatcher","jgoatcherkn@histats.com","Bigender","China"
"Louella","Antonomoli","lantonomoliko@livejournal.com","Polygender","China"
"Bryan","Kenson","bkensonkp@rakuten.co.jp","Polygender","France"
"Brander","Dur","bdurkq@harvard.edu","Genderqueer","China"
"Shelba","Lailey","slaileykr@aol.com","Agender","Philippines"
"Sidonia","Ogelbe","sogelbeks@fotki.com","Polygender","Ecuador"
"Emmit","Roma","eromakt@ibm.com","Genderqueer","Japan"
"Karita","Calwell","kcalwellku@biglobe.ne.jp","Polygender","Peru"
"Arabela","Rigts","arigtskv@uol.com.br","Agender","Vietnam"
"Shell","Cardew","scardewkw@deliciousdays.com","Male","Poland"
"Marylinda","Capron","mcapronkx@fema.gov","Bigender","Sri Lanka"
"Jazmin","De Lascy","jdelascyky@census.gov","Genderqueer","Japan"
"Fabe","Lawman","flawmankz@amazon.co.uk","Bigender","Sweden"
"Noach","Nichol","nnicholl0@whitehouse.gov","Male","China"
"Alysia","Schreurs","aschreursl1@hc360.com","Genderfluid","Indonesia"
"Pen","De Paepe","pdepaepel2@slate.com","Polygender","China"
"Karin","Thewles","kthewlesl3@so-net.ne.jp","Bigender","Nauru"
"Cornall","Lafoy","clafoyl4@facebook.com","Genderfluid","Argentina"
"Trevar","Denyukhin","tdenyukhinl5@squidoo.com","Female","Ukraine"
"Scarlet","Tointon","stointonl6@narod.ru","Genderqueer","China"
"Tove","O'Dempsey","todempseyl7@twitter.com","Male","Philippines"
"Renate","Becke","rbeckel8@google.cn","Non-binary","China"
"Rania","Cuolahan","rcuolahanl9@kickstarter.com","Female","Colombia"
"Alma","Pavia","apaviala@elegantthemes.com","Polygender","Greece"
"Cliff","Djekic","cdjekiclb@g.co","Male","Japan"
"Richart","Maybery","rmayberylc@blog.com","Agender","Portugal"
"Ozzie","Baddow","obaddowld@ftc.gov","Non-binary","Indonesia"
"Milena","Novik","mnovikle@japanpost.jp","Female","Sweden"
"Bartel","McDonough","bmcdonoughlf@dot.gov","Female","Philippines"
"Franny","Cardenoso","fcardenosolg@examiner.com","Genderqueer","Ukraine"
"Mirelle","McCaskell","mmccaskelllh@networksolutions.com","Agender","Philippines"
"Angie","Keymar","akeymarli@artisteer.com","Non-binary","China"
"Karel","Ribbens","kribbenslj@spiegel.de","Non-binary","Indonesia"
"Debora","Francescuzzi","dfrancescuzzilk@nydailynews.com","Genderfluid","China"
"Gerry","Fall","gfallll@tinyurl.com","Female","Colombia"
"Drucill","Drowsfield","ddrowsfieldlm@paginegialle.it","Genderqueer","Cuba"
"Tamarah","Glendinning","tglendinningln@gizmodo.com","Female","Denmark"
"Saunder","Ezele","sezelelo@amazon.co.jp","Non-binary","China"
"Ardith","Spire","aspirelp@opensource.org","Male","Malaysia"
"Misha","Burgiss","mburgisslq@guardian.co.uk","Genderqueer","China"
"Kelley","Toope","ktoopelr@sbwire.com","Male","Estonia"
"Carny","Mecozzi","cmecozzils@hatena.ne.jp","Non-binary","Indonesia"
"Rosa","Lanyon","rlanyonlt@forbes.com","Non-binary","Bangladesh"
"Aaron","Marzello","amarzellolu@simplemachines.org","Genderfluid","Indonesia"
"Cassy","Hagger","chaggerlv@wikimedia.org","Bigender","Sweden"
"Adriana","Tuft","atuftlw@irs.gov","Genderfluid","Peru"
"Levey","Lippiatt","llippiattlx@cafepress.com","Polygender","China"
"Edy","Choke","echokely@imdb.com","Genderfluid","Philippines"
"Ancell","Pleat","apleatlz@ftc.gov","Genderqueer","Portugal"
"Daile","Vassall","dvassallm0@noaa.gov","Agender","China"
"Regine","O'Crowley","rocrowleym1@ibm.com","Genderfluid","Laos"
"Yank","Cristea","ycristeam2@wix.com","Bigender","Portugal"
"Tatiana","Chetham","tchethamm3@reference.com","Non-binary","Brazil"
"Brendis","Raggles","bragglesm4@angelfire.com","Polygender","Philippines"
"Inez","Biggam","ibiggamm5@jugem.jp","Agender","Russia"
"Vernen","Leipold","vleipoldm6@narod.ru","Female","Nigeria"
"Brook","Howgego","bhowgegom7@paypal.com","Polygender","China"
"Bradley","Lawn","blawnm8@uol.com.br","Genderfluid","Bulgaria"
"Nick","Janowski","njanowskim9@sohu.com","Bigender","Tunisia"
"Steffie","Spavon","sspavonma@webeden.co.uk","Agender","Indonesia"
"Edi","Dunlea","edunleamb@friendfeed.com","Male","Philippines"
"Ariel","Rawlence","arawlencemc@sciencedaily.com","Genderfluid","Indonesia"
"Judon","Scarrisbrick","jscarrisbrickmd@blogs.com","Male","Russia"
"Lacie","Petronis","lpetronisme@wordpress.org","Agender","Serbia"
"Jakob","Dixcey","jdixceymf@diigo.com","Agender","Colombia"
"Bevon","Allabush","ballabushmg@github.com","Genderqueer","Poland"
"Addie","Erik","aerikmh@bloomberg.com","Bigender","Philippines"
"Dalston","Goncaves","dgoncavesmi@abc.net.au","Polygender","Czech Republic"
"Sheeree","Borrell","sborrellmj@aboutads.info","Male","Brazil"
"Cori","Battlestone","cbattlestonemk@soup.io","Non-binary","Mexico"
"Darius","Doble","ddobleml@jugem.jp","Non-binary","China"
"Gearard","Ricciardi","gricciardimm@china.com.cn","Non-binary","Serbia"
"Nanine","Upcott","nupcottmn@stanford.edu","Male","France"
"Harcourt","Crandon","hcrandonmo@xinhuanet.com","Agender","China"
"Joelly","Dyers","jdyersmp@pinterest.com","Female","Palestinian Territory"
"Odie","Brosh","obroshmq@edublogs.org","Genderqueer","Poland"
"Antonin","Cawte","acawtemr@mtv.com","Female","Peru"
"Kyle","Benoy","kbenoyms@howstuffworks.com","Non-binary","China"
"Kelvin","McGuiney","kmcguineymt@amazon.co.jp","Agender","Brazil"
"Court","Farn","cfarnmu@google.pl","Agender","France"
"Rhianna","Jennins","rjenninsmv@cdc.gov","Female","Indonesia"
"Dulciana","McGeorge","dmcgeorgemw@tmall.com","Polygender","China"
"Saleem","Walkington","swalkingtonmx@istockphoto.com","Male","Brazil"
"Clarinda","Tarpey","ctarpeymy@stanford.edu","Bigender","Brazil"
"Early","Gunderson","egundersonmz@nasa.gov","Male","Indonesia"
"Veronica","Spancock","vspancockn0@tiny.cc","Genderqueer","China"
"Micky","Hardy","mhardyn1@china.com.cn","Polygender","Sudan"
"Skip","Bowskill","sbowskilln2@blogger.com","Genderqueer","China"
"Merridie","De Caville","mdecavillen3@twitter.com","Female","United States"
"D'arcy","Dewdney","ddewdneyn4@netvibes.com","Agender","Cyprus"
"Gayelord","Witherow","gwitherown5@wufoo.com","Genderfluid","Portugal"
"Sibeal","Lohering","sloheringn6@wikispaces.com","Polygender","Indonesia"
"Anabelle","Nannini","ananninin7@cpanel.net","Genderqueer","Indonesia"
"Jedediah","Wisbey","jwisbeyn8@biglobe.ne.jp","Polygender","Palestinian Territory"
"Larisa","Mundow","lmundown9@engadget.com","Non-binary","Philippines"
"Alla","Windas","awindasna@constantcontact.com","Female","Portugal"
"Stoddard","Brewett","sbrewettnb@fastcompany.com","Male","Portugal"
"Marietta","Wildor","mwildornc@google.com.br","Genderfluid","Greece"
"Marice","Cashford","mcashfordnd@pen.io","Genderfluid","China"
"Becka","Millward","bmillwardne@tamu.edu","Polygender","Kazakhstan"
"Kippie","Blunderfield","kblunderfieldnf@cmu.edu","Agender","China"
"Artie","Willisch","awillischng@wired.com","Genderqueer","Brazil"
"Nanine","Terzo","nterzonh@apache.org","Agender","Chile"
"Marquita","Bartozzi","mbartozzini@vistaprint.com","Bigender","Japan"
"Shana","Abson","sabsonnj@ox.ac.uk","Genderfluid","Philippines"
"Jerrome","Ortiga","jortigank@networkadvertising.org","Bigender","Poland"
"Godfry","Chislett","gchislettnl@webnode.com","Male","China"
"Dov","Abrahamovitz","dabrahamovitznm@reference.com","Bigender","Ireland"
"Theda","Guppey","tguppeynn@mac.com","Non-binary","Portugal"
"Lawrence","Downton","ldowntonno@chron.com","Female","Russia"
"Persis","Sparke","psparkenp@creativecommons.org","Genderfluid","Russia"
"Stanislaus","Tryhorn","stryhornnq@howstuffworks.com","Non-binary","Haiti"
"Corrie","Rabbatts","crabbattsnr@noaa.gov","Polygender","Brazil"
"Stephi","Laverty","slavertyns@icq.com","Genderfluid","Russia"
"Garrot","Scanlin","gscanlinnt@loc.gov","Non-binary","Poland"
"Eward","Perrycost","eperrycostnu@ftc.gov","Bigender","Portugal"
"Amie","Berrisford","aberrisfordnv@last.fm","Male","Dominican Republic"
"Jaquith","Copson","jcopsonnw@netvibes.com","Bigender","Kosovo"
"Raf","Jahncke","rjahnckenx@prweb.com","Non-binary","Brazil"
"Denyse","Cobelli","dcobelliny@slideshare.net","Agender","France"
"Edward","Gelly","egellynz@nhs.uk","Female","Philippines"
"Elmira","Heeran","eheerano0@phpbb.com","Polygender","Portugal"
"Allie","Saywood","asaywoodo1@mozilla.com","Genderfluid","Czech Republic"
"Karlik","Simchenko","ksimchenkoo2@goo.gl","Agender","Philippines"
"Nannie","Caddick","ncaddicko3@unc.edu","Male","Albania"
"Clark","Sowerby","csowerbyo4@reuters.com","Polygender","China"
"Ransell","Creech","rcreecho5@github.com","Female","Mexico"
"Dolores","Eblein","debleino6@nymag.com","Non-binary","Philippines"
"Clywd","Garbutt","cgarbutto7@topsy.com","Female","Russia"
"Henry","Roth","hrotho8@is.gd","Genderqueer","Mexico"
"Muffin","Cline","mclineo9@baidu.com","Polygender","Philippines"
"Phillis","Dovermann","pdovermannoa@zimbio.com","Agender","Philippines"
"Caril","Stonebanks","cstonebanksob@ihg.com","Polygender","China"
"Cynthia","Patterfield","cpatterfieldoc@nhs.uk","Polygender","Thailand"
"Fredrick","Postle","fpostleod@quantcast.com","Genderqueer","France"
"Anthiathia","Locks","alocksoe@twitter.com","Polygender","Russia"
"Antonetta","Furmage","afurmageof@google.de","Agender","South Korea"
"Edgard","Derkes","ederkesog@twitpic.com","Bigender","Costa Rica"
"Nata","Zienkiewicz","nzienkiewiczoh@soup.io","Female","Finland"
"Margette","Bricklebank","mbricklebankoi@smh.com.au","Genderqueer","China"
"Errol","Lawson","elawsonoj@census.gov","Polygender","Portugal"
"Cynthia","Florentine","cflorentineok@pen.io","Agender","Greece"
"Harmon","Duggan","hdugganol@fotki.com","Polygender","Bangladesh"
"Kalinda","Redemile","kredemileom@vimeo.com","Male","Peru"
"Craggy","Ravelus","craveluson@slate.com","Bigender","China"
"Ursa","Derges","udergesoo@themeforest.net","Non-binary","Philippines"
"Annissa","Sedgman","asedgmanop@weibo.com","Bigender","China"
"Bevvy","Kersey","bkerseyoq@paypal.com","Non-binary","Nicaragua"
"Ginevra","Iianon","giianonor@yandex.ru","Female","Sweden"
"Brook","Axe","baxeos@yellowbook.com","Genderqueer","Philippines"
"Hurleigh","Putland","hputlandot@kickstarter.com","Non-binary","Argentina"
"Garik","Denekamp","gdenekampou@msu.edu","Genderqueer","Luxembourg"
"Devon","Manton","dmantonov@opera.com","Female","Sweden"
"Dolores","Clague","dclagueow@posterous.com","Male","Indonesia"
"Claire","McKendo","cmckendoox@narod.ru","Bigender","Greece"
"Balduin","Fantham","bfanthamoy@pagesperso-orange.fr","Polygender","Bolivia"
"Maribeth","Hayne","mhayneoz@acquirethisname.com","Agender","Indonesia"
"Ogdon","Eliet","oelietp0@webnode.com","Female","Philippines"
"Raimund","Hriinchenko","rhriinchenkop1@columbia.edu","Female","Mexico"
"Sheryl","Cartmael","scartmaelp2@parallels.com","Genderqueer","Myanmar"
"Otes","Roiz","oroizp3@washington.edu","Genderfluid","Brazil"
"Ezequiel","Marshman","emarshmanp4@163.com","Agender","Indonesia"
"Mickey","Klauer","mklauerp5@yahoo.com","Agender","China"
"Ollie","Roome","oroomep6@youku.com","Bigender","Finland"
"Karylin","Wilder","kwilderp7@ezinearticles.com","Polygender","Thailand"
"Emmott","Warbeys","ewarbeysp8@drupal.org","Polygender","Russia"
"Bonita","Arnli","barnlip9@disqus.com","Bigender","Argentina"
"Thibaut","Calderon","tcalderonpa@latimes.com","Male","Mongolia"
"Christie","McEvay","cmcevaypb@wufoo.com","Male","Armenia"
"Innis","Halward","ihalwardpc@biblegateway.com","Polygender","Argentina"
"Cassandra","O'Hederscoll","cohederscollpd@icq.com","Agender","Indonesia"
"Hamnet","Vaszoly","hvaszolype@wordpress.org","Agender","Philippines"
"Glenn","Ayers","gayerspf@icq.com","Genderfluid","Mexico"
"Monica","Tithacott","mtithacottpg@dailymotion.com","Genderqueer","Colombia"
"Laird","Yashnov","lyashnovph@omniture.com","Agender","Canada"
"Tatiana","Dunkinson","tdunkinsonpi@youtube.com","Polygender","Indonesia"
"Pippy","Dibner","pdibnerpj@telegraph.co.uk","Genderqueer","Japan"
"Tomas","Peppett","tpeppettpk@toplist.cz","Agender","Mali"
"Aline","Vaud","avaudpl@ebay.com","Genderqueer","Bulgaria"
"Marven","L'Homme","mlhommepm@yandex.ru","Agender","Philippines"
"Free","Casseldine","fcasseldinepn@ibm.com","Bigender","Finland"
"Codie","Nolli","cnollipo@biglobe.ne.jp","Bigender","Syria"
"Ilka","Paulet","ipauletpp@un.org","Male","Japan"
"Lavinia","Copperwaite","lcopperwaitepq@mail.ru","Agender","Brazil"
"Sharai","Ridde","sriddepr@unesco.org","Genderqueer","Russia"
"Bertine","Brotherheed","bbrotherheedps@webnode.com","Genderfluid","El Salvador"
"Rudd","Corwood","rcorwoodpt@twitpic.com","Female","Uganda"
"Katey","Muschette","kmuschettepu@taobao.com","Non-binary","Benin"
"Sylas","Ffrench","sffrenchpv@admin.ch","Bigender","Philippines"
"Myriam","Shovelin","mshovelinpw@wikia.com","Agender","Bonaire, Saint Eustatius and Saba "
"Rance","Collomosse","rcollomossepx@earthlink.net","Agender","Czech Republic"
"Bonnee","Grimes","bgrimespy@theguardian.com","Polygender","Israel"
"Tull","Pottberry","tpottberrypz@squarespace.com","Female","Bulgaria"
"Chrysler","Botley","cbotleyq0@yandex.ru","Bigender","Philippines"
"Aubrette","Bullick","abullickq1@tamu.edu","Genderqueer","Thailand"
"Davie","Rosone","drosoneq2@bigcartel.com","Genderfluid","Japan"
"Flora","Sparks","fsparksq3@ycombinator.com","Polygender","Ghana"
"Rutter","Wilsey","rwilseyq4@blogtalkradio.com","Genderqueer","Portugal"
"Tybi","Kopmann","tkopmannq5@webnode.com","Non-binary","Portugal"
"Mildred","Rodrigo","mrodrigoq6@wikimedia.org","Genderfluid","Bangladesh"
"Karissa","Kisar","kkisarq7@wix.com","Female","Argentina"
"Celestyn","Fifield","cfifieldq8@joomla.org","Polygender","Syria"
"Bank","Jovasevic","bjovasevicq9@jigsy.com","Genderqueer","Kyrgyzstan"
"Natal","Croote","ncrooteqa@vimeo.com","Genderfluid","Bulgaria"
"Elvis","Dulwitch","edulwitchqb@trellian.com","Bigender","Peru"
"Orel","Turrill","oturrillqc@google.nl","Female","Russia"
"Lanie","Pitts","lpittsqd@toplist.cz","Male","Argentina"
"Kaleb","Trebbett","ktrebbettqe@sphinn.com","Bigender","Tanzania"
"Leeland","Alvarado","lalvaradoqf@barnesandnoble.com","Male","Czech Republic"
"Aymer","Foulds","afouldsqg@spotify.com","Male","Cuba"
"Gerty","Macias","gmaciasqh@linkedin.com","Bigender","Honduras"
"Mord","Debell","mdebellqi@hugedomains.com","Female","Philippines"
"Dawna","Brashier","dbrashierqj@ebay.com","Non-binary","China"
"Henrietta","McKinty","hmckintyqk@tiny.cc","Genderfluid","Portugal"
"Ariel","Pharaoh","apharaohql@edublogs.org","Non-binary","China"
"Violante","MacCathay","vmaccathayqm@hostgator.com","Female","Belarus"
"Wilton","Meeks","wmeeksqn@ameblo.jp","Female","Malaysia"
"Brok","Portugal","bportugalqo@prlog.org","Male","Japan"
"Eran","Senescall","esenescallqp@cnbc.com","Male","Ukraine"
"Griffin","Attow","gattowqq@google.nl","Polygender","Russia"
"Engracia","Bigley","ebigleyqr@salon.com","Female","China"
"Harmon","McIlveen","hmcilveenqs@msu.edu","Non-binary","Canada"
"Jeniffer","Heaney","jheaneyqt@springer.com","Genderfluid","China"
"Mei","Nurden","mnurdenqu@scribd.com","Female","South Africa"
"Joleen","Arendsen","jarendsenqv@indiegogo.com","Agender","Russia"
"Evan","Friel","efrielqw@nsw.gov.au","Genderqueer","South Korea"
"Dori","Philp","dphilpqx@1und1.de","Female","Nicaragua"
"Danica","Hacker","dhackerqy@cocolog-nifty.com","Non-binary","China"
"Barnie","Fillimore","bfillimoreqz@oaic.gov.au","Genderqueer","Brazil"
"Elizabeth","Boyat","eboyatr0@domainmarket.com","Polygender","New Zealand"
"David","Jorcke","djorcker1@163.com","Bigender","China"
"Elna","Woolliams","ewoolliamsr2@cafepress.com","Male","United States"
"Gerrard","Begent","gbegentr3@networkadvertising.org","Genderfluid","Brazil"
"Gawen","Seares","gsearesr4@networksolutions.com","Female","Indonesia"
"Rowena","Jeffreys","rjeffreysr5@tuttocitta.it","Genderqueer","Vietnam"
"Nickolas","Teresia","nteresiar6@msn.com","Male","Jamaica"
"Modesty","Trustram","mtrustramr7@posterous.com","Female","Ukraine"
"Gaylord","Pigrome","gpigromer8@cnn.com","Genderfluid","Brazil"
"Freddie","Lingfoot","flingfootr9@biblegateway.com","Female","Portugal"
"Andee","Paxeford","apaxefordra@wp.com","Polygender","Russia"
"Althea","Tolussi","atolussirb@google.cn","Female","Russia"
"Stacey","Ashforth","sashforthrc@soundcloud.com","Polygender","Indonesia"
"Caldwell","Pundy","cpundyrd@mozilla.org","Polygender","Saudi Arabia"
"Iolanthe","Prozescky","iprozesckyre@stumbleupon.com","Female","China"
"Abba","Gailor","agailorrf@fotki.com","Genderqueer","Croatia"
"Munmro","Caygill","mcaygillrg@51.la","Genderfluid","China"
"Jacquelin","Somner","jsomnerrh@sciencedirect.com","Genderfluid","Mali"
"Nickola","Ferronet","nferronetri@storify.com","Genderqueer","Indonesia"
"Terrel","Seeman","tseemanrj@umich.edu","Agender","Portugal"
"Evvie","Geke","egekerk@google.ru","Genderqueer","China"
"Robenia","Decker","rdeckerrl@privacy.gov.au","Polygender","Chile"
"Selina","Wastling","swastlingrm@printfriendly.com","Polygender","China"
"Nickie","Thal","nthalrn@bizjournals.com","Genderfluid","China"
"Pris","Dollard","pdollardro@indiatimes.com","Polygender","Indonesia"
"Clevie","Izzat","cizzatrp@elegantthemes.com","Male","Micronesia"
"Gabbie","Cordey","gcordeyrq@usa.gov","Non-binary","Japan"
"Maiga","Chittey","mchitteyrr@apache.org","Male","Philippines"
