id,first_name,last_name,email,gender,Currency
1,Anton,Pendergast,apendergast0@parallels.com,Polygender,Ruble
2,Jeremie,Zupa,jzupa1@pen.io,Male,Dollar
3,Vassily,O'Sullivan,vosullivan2@1und1.de,Bigender,Peso
4,Berty,Zannotti,bzannotti3@bandcamp.com,Bigender,Yuan Renminbi
5,Nahum,Creamen,ncreamen4@ustream.tv,Female,Euro
6,Eolanda,Ledeker,eledeker5@youtube.com,Agender,Peso
7,Lorenza,Tesh,ltesh6@discuz.net,Bigender,Peso
8,Corine,Fidelus,cfidelus7@behance.net,Genderfluid,Sol
9,Arlina,Sandon,asandon8@vkontakte.ru,Non-binary,Yuan Renminbi
10,Giulio,Lindsey,glindsey9@netvibes.com,Male,Euro
11,Augy,Swinford,aswinforda@acquirethisname.com,Female,Rupiah
12,Rena,Allmen,rallmenb@washingtonpost.com,Female,Yuan Renminbi
13,Angelle,Pomfrett,apomfrettc@zimbio.com,Non-binary,Ruble
14,Sheree,Stonestreet,sstonestreetd@smugmug.com,Genderfluid,Baht
15,Bobine,Sparshett,bsparshette@hhs.gov,Genderfluid,Rupee
16,Kinna,Adcocks,kadcocksf@xinhuanet.com,Bigender,Ruble
17,Phineas,Grimsell,pgrimsellg@goo.ne.jp,Bigender,Euro
18,Dara,Ousbie,dousbieh@purevolume.com,Agender,Rupiah
19,Devinne,Siddon,dsiddoni@ezinearticles.com,Male,Rial
20,Liza,Ellingworth,lellingworthj@jimdo.com,Agender,Lek
21,Petey,Gowanlock,pgowanlockk@aol.com,Non-binary,Yuan Renminbi
22,Stefa,Shelbourne,sshelbournel@newyorker.com,Bigender,Dirham
23,Phineas,Shaul,pshaulm@eepurl.com,Genderqueer,Som
24,Ignace,Labeuil,ilabeuiln@ted.com,Female,Yuan Renminbi
25,Payton,Coulthart,pcoultharto@stumbleupon.com,Non-binary,Ruble
26,Viki,Boome,vboomep@homestead.com,Genderfluid,Yuan Renminbi
27,Rory,Summerlee,rsummerleeq@de.vu,Female,Yuan Renminbi
28,Billi,Helix,bhelixr@forbes.com,Male,Rupiah
29,Nananne,Bogaert,nbogaerts@blogtalkradio.com,Agender,Yuan Renminbi
30,Cly,Andreasen,candreasent@gmpg.org,Genderfluid,Yuan Renminbi
31,Sarena,Imeson,simesonu@latimes.com,Polygender,Peso
32,Vincent,Crocetti,vcrocettiv@furl.net,Non-binary,Yuan Renminbi
33,Illa,Pestell,ipestellw@quantcast.com,Genderqueer,Won
34,Antonietta,Juggings,ajuggingsx@mashable.com,Genderfluid,Yuan Renminbi
35,Jesse,Norval,jnorvaly@cloudflare.com,Female,Tugrik
36,Dotti,Guidera,dguideraz@vimeo.com,Female,Ruble
37,Lynnette,Stack,lstack10@wikispaces.com,Agender,Quetzal
38,Kalle,Janecek,kjanecek11@photobucket.com,Male,Lev
39,Isidoro,Songer,isonger12@discuz.net,Polygender,Yuan Renminbi
40,Matty,Zuker,mzuker13@washingtonpost.com,Agender,Dollar
41,Alia,Bountiff,abountiff14@e-recht24.de,Female,Euro
42,Hillie,Runcieman,hruncieman15@mail.ru,Agender,Yuan Renminbi
43,Inger,Benediktovich,ibenediktovich16@unc.edu,Bigender,Euro
44,Pattie,Molines,pmolines17@walmart.com,Agender,Dollar
45,Lucia,Fridlington,lfridlington18@blogtalkradio.com,Genderqueer,Dollar
46,Abbe,Vlasyuk,avlasyuk19@bloglovin.com,Agender,Koruna
47,Kale,Candelin,kcandelin1a@technorati.com,Non-binary,Ruble
48,Whit,Willment,wwillment1b@marriott.com,Genderfluid,Euro
49,Hurlee,Radband,hradband1c@exblog.jp,Male,Dollar
50,Anderea,Geaves,ageaves1d@ask.com,Polygender,Rupiah
51,Florri,Masarrat,fmasarrat1e@symantec.com,Polygender,Ringgit
52,Tobit,Kynaston,tkynaston1f@myspace.com,Genderqueer,Euro
53,Juanita,Burnhams,jburnhams1g@accuweather.com,Male,Yen
54,Allie,Varian,avarian1h@slate.com,Male,Rupiah
55,Margarita,McNuff,mmcnuff1i@goodreads.com,Polygender,Rial
56,Germana,Skeen,gskeen1j@miitbeian.gov.cn,Non-binary,Euro
57,Gertrud,Grewcock,ggrewcock1k@kickstarter.com,Genderqueer,Krona
58,Magdaia,Thoresby,mthoresby1l@ted.com,Female,Dollar
59,Mikey,Kowalik,mkowalik1m@wufoo.com,Genderqueer,Yuan Renminbi
60,Ilsa,Morffew,imorffew1n@cam.ac.uk,Agender,Peso
61,Neile,Copo,ncopo1o@zdnet.com,Polygender,Franc
62,Elsey,De La Cote,edelacote1p@yellowpages.com,Genderqueer,Euro
63,Abelard,Missington,amissington1q@ca.gov,Female,Dinar
64,Anderea,Awcock,aawcock1r@edublogs.org,Male,Peso
65,Jessy,Cockle,jcockle1s@zdnet.com,Polygender,Ruble
66,Elnar,Innis,einnis1t@liveinternet.ru,Bigender,Yuan Renminbi
67,Elliot,Andriveau,eandriveau1u@yahoo.com,Male,Yuan Renminbi
68,Consuelo,Skin,cskin1v@usa.gov,Polygender,Euro
69,Tybie,Passey,tpassey1w@nydailynews.com,Genderfluid,Peso
70,Annie,Campkin,acampkin1x@hao123.com,Non-binary,Peso
71,Tiphany,Calderon,tcalderon1y@indiatimes.com,Female,Euro
72,Michaelina,Bottomer,mbottomer1z@bravesites.com,Genderqueer,Yuan Renminbi
73,Sergent,Cokayne,scokayne20@reverbnation.com,Female,Krona
74,Felisha,Duke,fduke21@time.com,Male,Euro
75,Consuela,Trevaskiss,ctrevaskiss22@topsy.com,Agender,Peso
76,Lewes,Meade,lmeade23@addthis.com,Bigender,Peso
77,Laura,Trevarthen,ltrevarthen24@mashable.com,Genderqueer,Rupiah
78,Osbourn,Das,odas25@cargocollective.com,Genderqueer,Euro
79,Jackie,Filan,jfilan26@spotify.com,Polygender,Yuan Renminbi
80,Clim,Guinan,cguinan27@omniture.com,Bigender,Krona
81,Oberon,Catherick,ocatherick28@networksolutions.com,Genderfluid,Yen
82,Chelsea,Heinel,cheinel29@bizjournals.com,Genderqueer,Euro
83,Homere,Tilt,htilt2a@netvibes.com,Genderfluid,Euro
84,Trina,Meiklam,tmeiklam2b@cpanel.net,Polygender,Rial
85,Giulio,Brise,gbrise2c@free.fr,Agender,Shekel
86,Flori,Adamides,fadamides2d@paginegialle.it,Agender,Won
87,Imogen,Surby,isurby2e@whitehouse.gov,Agender,Zloty
88,Mano,Wellman,mwellman2f@eepurl.com,Female,Peso
89,Kay,Dyzart,kdyzart2g@pbs.org,Agender,Yuan Renminbi
90,Susannah,Panas,spanas2h@nba.com,Female,Yuan Renminbi
91,Raynell,Trevaskiss,rtrevaskiss2i@tamu.edu,Agender,Rupiah
92,Billie,Flaunier,bflaunier2j@friendfeed.com,Male,Krone
93,Etan,Killelea,ekillelea2k@sbwire.com,Male,Yuan Renminbi
94,Elspeth,Rothon,erothon2l@cmu.edu,Bigender,Guarani
95,Rosemary,Crennan,rcrennan2m@jigsy.com,Non-binary,Euro
96,Ludwig,Trood,ltrood2n@simplemachines.org,Bigender,Yuan Renminbi
97,Vikky,Flattman,vflattman2o@amazon.com,Non-binary,Yuan Renminbi
98,Pace,Fidge,pfidge2p@hexun.com,Genderqueer,Yen
99,Sheffie,Celle,scelle2q@house.gov,Female,Yuan Renminbi
100,Wrennie,Fireman,wfireman2r@newsvine.com,Agender,Yuan Renminbi
101,Rodolph,Josskovitz,rjosskovitz2s@google.co.jp,Agender,Peso
102,Mahalia,Espada,mespada2t@netscape.com,Male,Rial
103,Philomena,Wittey,pwittey2u@phpbb.com,Non-binary,Zloty
104,Birk,Brehaut,bbrehaut2v@newyorker.com,Agender,Peso
105,Davina,Deegan,ddeegan2w@cornell.edu,Genderqueer,Ruble
106,Christin,Gaucher,cgaucher2x@alibaba.com,Genderqueer,Peso
107,Suzie,Chomley,schomley2y@time.com,Polygender,Real
108,Dorie,De Fraine,ddefraine2z@seattletimes.com,Genderqueer,Euro
109,Tam,D'Onisi,tdonisi30@google.cn,Agender,Yuan Renminbi
110,Cornela,Symones,csymones31@blog.com,Non-binary,Sol
111,Nicholle,Salatino,nsalatino32@lulu.com,Agender,Lempira
112,Laney,Hugues,lhugues33@barnesandnoble.com,Male,Rupiah
113,Dun,Ashbolt,dashbolt34@rambler.ru,Genderqueer,Euro
114,Tobe,Hambelton,thambelton35@noaa.gov,Male,Rupiah
115,Fidelio,Legges,flegges36@barnesandnoble.com,Male,Krona
116,Antonia,Maestro,amaestro37@amazon.de,Polygender,Ruble
117,Vanni,Bellison,vbellison38@woothemes.com,Male,Ruble
118,Rubie,Hallows,rhallows39@msu.edu,Agender,Ruble
119,Arline,Plumtree,aplumtree3a@acquirethisname.com,Genderqueer,Krona
120,Maris,Casa,mcasa3b@bizjournals.com,Male,Yuan Renminbi
121,Worden,O'Hannay,wohannay3c@naver.com,Agender,Yuan Renminbi
122,Amalia,Misson,amisson3d@people.com.cn,Bigender,Shilling
123,Israel,Havard,ihavard3e@kickstarter.com,Non-binary,Yen
124,Carver,Eidelman,ceidelman3f@mit.edu,Genderfluid,Yuan Renminbi
125,Tamar,Bigland,tbigland3g@dot.gov,Genderfluid,Marka
126,Brinn,Isaacs,bisaacs3h@tamu.edu,Non-binary,Real
127,Briano,O'Grady,bogrady3i@g.co,Genderqueer,Peso
128,Geordie,Reedick,greedick3j@tuttocitta.it,Genderfluid,Euro
129,Gardner,Harrild,gharrild3k@issuu.com,Genderqueer,Rupee
130,Torrey,Baldack,tbaldack3l@reuters.com,Non-binary,Euro
131,Odey,Peasnone,opeasnone3m@soundcloud.com,Male,Rupiah
132,Andrej,Vanichkin,avanichkin3n@issuu.com,Female,Kuna
133,Christiano,Tugman,ctugman3o@github.io,Male,Rupiah
134,Ronny,Pinner,rpinner3p@moonfruit.com,Bigender,Yuan Renminbi
135,Valry,Chesson,vchesson3q@google.com.br,Bigender,Rupiah
136,Caz,Allon,callon3r@opera.com,Polygender,Euro
137,Hayes,Habishaw,hhabishaw3s@reddit.com,Genderfluid,Real
138,Rubina,Sailor,rsailor3t@merriam-webster.com,Genderqueer,Rupiah
139,Augustine,Benettini,abenettini3u@4shared.com,Female,Dollar
140,Melloney,Brotherick,mbrotherick3v@scientificamerican.com,Male,Koruna
141,Rochette,Cotty,rcotty3w@skype.com,Polygender,Dollar
142,Emmy,Kondrachenko,ekondrachenko3x@businessinsider.com,Female,Dollar
143,Kiersten,Robertshaw,krobertshaw3y@goo.gl,Non-binary,Real
144,Hinze,Sayce,hsayce3z@census.gov,Agender,Lek
145,Welbie,Jenks,wjenks40@apache.org,Non-binary,Peso
146,Michail,Weldon,mweldon41@narod.ru,Non-binary,Peso
147,Cherice,Owbrick,cowbrick42@people.com.cn,Non-binary,Rupiah
148,Gwendolin,Crame,gcrame43@mapquest.com,Agender,Ruble
149,Carly,Gotter,cgotter44@wikipedia.org,Bigender,Peso
150,Alec,Malpas,amalpas45@feedburner.com,Non-binary,Real
151,Jan,Garthside,jgarthside46@list-manage.com,Agender,Pound
152,Nickie,Huggen,nhuggen47@omniture.com,Male,Koruna
153,Ted,Michelin,tmichelin48@google.fr,Female,Yuan Renminbi
154,Aurilia,Rathe,arathe49@sohu.com,Bigender,Naira
155,Shauna,Sellors,ssellors4a@narod.ru,Female,Rupiah
156,Guillaume,Carp,gcarp4b@uol.com.br,Genderqueer,Ariary
157,Terrell,Kiddle,tkiddle4c@joomla.org,Genderqueer,Franc
158,Allsun,Bisiker,abisiker4d@deliciousdays.com,Polygender,Euro
159,Gaynor,Keeping,gkeeping4e@globo.com,Bigender,Yuan Renminbi
160,Felipe,Hallsworth,fhallsworth4f@ocn.ne.jp,Bigender,Peso
161,Christie,Gyurko,cgyurko4g@hhs.gov,Bigender,Yuan Renminbi
162,Madelon,Van Der Vlies,mvandervlies4h@mozilla.com,Non-binary,Rupiah
163,Tedmund,Thatcham,tthatcham4i@soundcloud.com,Polygender,Baht
164,Debera,Hazel,dhazel4j@miibeian.gov.cn,Polygender,Lempira
165,Morlee,Genney,mgenney4k@shareasale.com,Genderfluid,Peso
166,Vivianne,Philpault,vphilpault4l@xing.com,Polygender,Naira
167,Georgette,Belcham,gbelcham4m@bluehost.com,Genderqueer,Leone
168,Bent,Borrowman,bborrowman4n@1und1.de,Female,Euro
169,Trey,Andrag,tandrag4o@mail.ru,Polygender,Yuan Renminbi
170,Laurie,Pudney,lpudney4p@smh.com.au,Agender,Rupiah
171,Algernon,Keneforde,akeneforde4q@pinterest.com,Genderqueer,Hryvnia
172,Mohandas,Linnemann,mlinnemann4r@blogs.com,Genderfluid,Koruna
173,Emilie,Sapshed,esapshed4s@cbc.ca,Agender,Krona
174,Winn,Dobrowolny,wdobrowolny4t@usnews.com,Female,Won
175,Belita,Atcherley,batcherley4u@deliciousdays.com,Polygender,Sol
176,Charmaine,D'Errico,cderrico4v@google.fr,Bigender,Peso
177,Rozelle,Stollen,rstollen4w@issuu.com,Polygender,Yuan Renminbi
178,Robbert,Napolitano,rnapolitano4x@webs.com,Female,Euro
179,Lynnea,Lockney,llockney4y@t-online.de,Agender,Euro
180,Sheffy,Armsby,sarmsby4z@wired.com,Non-binary,Yuan Renminbi
181,Hastie,Heaford,hheaford50@multiply.com,Female,Dollar
182,Edgar,Ellsom,eellsom51@geocities.jp,Bigender,Euro
183,Deerdre,Hawkswood,dhawkswood52@abc.net.au,Polygender,Euro
184,Margo,McKean,mmckean53@sfgate.com,Non-binary,Ruble
185,Rhoda,Middle,rmiddle54@geocities.com,Male,Ruble
186,Jerome,Chern,jchern55@about.com,Agender,Rupiah
187,Davine,Greensted,dgreensted56@goo.ne.jp,Polygender,Yuan Renminbi
188,Jillane,Keilty,jkeilty57@naver.com,Polygender,Shilling
189,Brittani,Daw,bdaw58@utexas.edu,Bigender,Euro
190,Annis,De Dantesie,adedantesie59@tripod.com,Genderfluid,Euro
191,Emmott,Gurton,egurton5a@wordpress.org,Genderqueer,Dollar
192,Kristos,Farncombe,kfarncombe5b@smh.com.au,Non-binary,Euro
193,Jilleen,Keasy,jkeasy5c@webeden.co.uk,Non-binary,Balboa
194,Malvin,Alesi,malesi5d@mozilla.com,Genderqueer,Dollar
195,Gibby,Common,gcommon5e@cafepress.com,Female,Zloty
196,Ardra,Harsnipe,aharsnipe5f@redcross.org,Non-binary,Yuan Renminbi
197,Abraham,Beldom,abeldom5g@businesswire.com,Polygender,Dollar
198,Vita,Bursell,vbursell5h@cdbaby.com,Bigender,Ruble
199,Jillie,Spridgen,jspridgen5i@fc2.com,Agender,Yuan Renminbi
200,Maisie,MacKellar,mmackellar5j@sciencedaily.com,Non-binary,Peso
201,Brade,Hodgets,bhodgets5k@uol.com.br,Polygender,Baht
202,Annice,Faithfull,afaithfull5l@instagram.com,Agender,Rupiah
203,Goldy,Klaussen,gklaussen5m@biblegateway.com,Agender,Hryvnia
204,Sissie,Pobjoy,spobjoy5n@elpais.com,Non-binary,Euro
205,Currie,Rewcastle,crewcastle5o@cornell.edu,Genderqueer,Hryvnia
206,Tiffy,McGinty,tmcginty5p@ifeng.com,Non-binary,Zloty
207,Latia,Riccione,lriccione5q@sohu.com,Non-binary,Peso
208,Torrey,de Mullett,tdemullett5r@vistaprint.com,Female,Euro
209,Aaron,Marcq,amarcq5s@unesco.org,Polygender,Baht
210,Zacharie,Maeer,zmaeer5t@nps.gov,Bigender,Rupiah
211,Katy,Cadd,kcadd5u@tripod.com,Male,Lempira
212,Ashlan,Kleinerman,akleinerman5v@people.com.cn,Agender,Real
213,Vite,Longhorne,vlonghorne5w@japanpost.jp,Male,Litas
214,Wyndham,Lethbrig,wlethbrig5x@last.fm,Bigender,Euro
215,Jill,Fagence,jfagence5y@chronoengine.com,Male,Peso
216,Freddie,Ivanisov,fivanisov5z@freewebs.com,Genderqueer,Euro
217,Law,Tenby,ltenby60@purevolume.com,Bigender,Euro
218,Wiatt,Enocksson,wenocksson61@bing.com,Genderfluid,Franc
219,Rozele,Ritmeyer,rritmeyer62@scribd.com,Male,Yuan Renminbi
220,Cleve,Dannett,cdannett63@printfriendly.com,Genderfluid,Peso
221,Stella,Healks,shealks64@unesco.org,Genderqueer,Dollar
222,Caresse,Cockcroft,ccockcroft65@go.com,Agender,Euro
223,Janaye,Dwane,jdwane66@sciencedirect.com,Bigender,Zloty
224,Kaylil,Hasling,khasling67@meetup.com,Genderfluid,Ruble
225,Elicia,Tirrell,etirrell68@ucla.edu,Polygender,Ruble
226,Sim,Lambricht,slambricht69@dmoz.org,Male,Tenge
227,Martainn,Atterley,matterley6a@webnode.com,Polygender,Euro
228,Steven,Gentil,sgentil6b@zimbio.com,Genderfluid,Real
229,Rodney,Screeton,rscreeton6c@umn.edu,Agender,Euro
230,Grange,Putton,gputton6d@blogtalkradio.com,Polygender,Baht
231,Oberon,Szantho,oszantho6e@studiopress.com,Bigender,Euro
232,Lauren,Verry,lverry6f@surveymonkey.com,Bigender,Peso
233,Findlay,Keiling,fkeiling6g@disqus.com,Non-binary,Ruble
234,Bobbe,Golsworthy,bgolsworthy6h@csmonitor.com,Genderfluid,Yuan Renminbi
235,Freda,Blune,fblune6i@technorati.com,Bigender,Peso
236,Roth,Crickmore,rcrickmore6j@freewebs.com,Bigender,Yuan Renminbi
237,Jacques,Reams,jreams6k@skyrock.com,Genderfluid,Ruble
238,Sarena,Jermy,sjermy6l@wired.com,Non-binary,Real
239,Emanuele,Dulanty,edulanty6m@lycos.com,Agender,Real
240,Amos,Rudolfer,arudolfer6n@shop-pro.jp,Non-binary,Yuan Renminbi
241,Sheba,Selbach,sselbach6o@macromedia.com,Genderqueer,Peso
242,Trevar,Brumham,tbrumham6p@gmpg.org,Agender,Yen
243,Finley,Crickmoor,fcrickmoor6q@ow.ly,Bigender,Ruble
244,Juline,Cheyney,jcheyney6r@gmpg.org,Bigender,Euro
245,Ezri,Spalton,espalton6s@github.io,Polygender,Yuan Renminbi
246,Cristian,Ismail,cismail6t@smugmug.com,Polygender,Rand
247,Tommi,Thominga,tthominga6u@reverbnation.com,Agender,Peso
248,Bartolomeo,Holwell,bholwell6v@creativecommons.org,Bigender,Euro
249,Minta,Quantrill,mquantrill6w@comcast.net,Agender,Euro
250,Timmy,Nutbean,tnutbean6x@theguardian.com,Male,Rupiah
251,Bertie,Poytres,bpoytres6y@salon.com,Bigender,Dirham
252,Sybila,Dunnet,sdunnet6z@epa.gov,Bigender,Yuan Renminbi
253,Eba,Camacho,ecamacho70@apple.com,Bigender,Yuan Renminbi
254,Cazzie,Watt,cwatt71@whitehouse.gov,Genderfluid,Dollar
255,Renata,Morsley,rmorsley72@devhub.com,Genderfluid,Euro
256,Kattie,Pynner,kpynner73@timesonline.co.uk,Genderqueer,Ringgit
257,Lisette,Jados,ljados74@whitehouse.gov,Genderfluid,Yuan Renminbi
258,Bernice,Laister,blaister75@sphinn.com,Female,Franc
259,Claudio,Helstrom,chelstrom76@bloomberg.com,Male,Zloty
260,Hendrika,Twydell,htwydell77@w3.org,Male,Somoni
261,Saxon,Swannie,sswannie78@cbsnews.com,Genderfluid,Yuan Renminbi
262,Ailey,Butner,abutner79@fastcompany.com,Genderqueer,Shekel
263,Mellicent,Reinisch,mreinisch7a@samsung.com,Male,Kuna
264,Jen,Lavalle,jlavalle7b@npr.org,Agender,Yuan Renminbi
265,Cly,Gowdy,cgowdy7c@eventbrite.com,Male,Koruna
266,Melisa,Stonier,mstonier7d@google.fr,Non-binary,Rupiah
267,Shem,Thickens,sthickens7e@deliciousdays.com,Bigender,Real
268,Enoch,Cushion,ecushion7f@va.gov,Non-binary,Peso
269,Sadella,Toke,stoke7g@ehow.com,Genderfluid,Gourde
270,Lamont,Boays,lboays7h@seattletimes.com,Genderqueer,Yuan Renminbi
271,Florentia,Labet,flabet7i@sohu.com,Non-binary,Yuan Renminbi
272,Kimberlyn,Younie,kyounie7j@harvard.edu,Genderfluid,Ruble
273,Gunner,Galsworthy,ggalsworthy7k@histats.com,Agender,Real
274,Sayer,Saintsbury,ssaintsbury7l@reuters.com,Female,Dinar
275,Aeriell,MacGibbon,amacgibbon7m@wufoo.com,Female,Rupiah
276,Milena,Gallacher,mgallacher7n@indiatimes.com,Polygender,Yuan Renminbi
277,Borden,Tokell,btokell7o@gnu.org,Genderfluid,Euro
278,Clari,Humpage,chumpage7p@friendfeed.com,Polygender,Yuan Renminbi
279,Lion,Learmonth,llearmonth7q@seattletimes.com,Genderqueer,Krona
280,Garrick,Proswell,gproswell7r@nature.com,Non-binary,Krona
281,Tyler,Huetson,thuetson7s@usnews.com,Bigender,Zloty
282,Major,Macenzy,mmacenzy7t@photobucket.com,Non-binary,Rupiah
283,Paxon,Alelsandrowicz,palelsandrowicz7u@hud.gov,Polygender,Ruble
284,Otho,Gashion,ogashion7v@tiny.cc,Bigender,Yuan Renminbi
285,Jarib,Jerosch,jjerosch7w@pen.io,Female,Zloty
286,Skipton,Sandle,ssandle7x@businessweek.com,Bigender,Dong
287,Willi,Nabbs,wnabbs7y@php.net,Genderqueer,Yuan Renminbi
288,Wernher,Wisker,wwisker7z@a8.net,Male,Ruble
289,Hoyt,Pibworth,hpibworth80@kickstarter.com,Genderqueer,Peso
290,Letizia,Dake,ldake81@independent.co.uk,Genderqueer,Zloty
291,Ottilie,Boij,oboij82@gov.uk,Female,Yuan Renminbi
292,Jesse,Fuke,jfuke83@guardian.co.uk,Genderqueer,Marka
293,Rob,Ivashin,rivashin84@japanpost.jp,Agender,Rupiah
294,Clemmie,Vannuchi,cvannuchi85@xing.com,Female,Zloty
295,Natty,Linkie,nlinkie86@chronoengine.com,Polygender,Dollar
296,Lillian,O'Sharry,losharry87@plala.or.jp,Genderqueer,Yuan Renminbi
297,Gerard,Twyning,gtwyning88@dmoz.org,Polygender,Rand
298,Broddy,Mattys,bmattys89@unesco.org,Agender,Euro
299,Xerxes,Jessopp,xjessopp8a@woothemes.com,Bigender,Ruble
300,Major,Gobolos,mgobolos8b@constantcontact.com,Male,Yuan Renminbi
301,Sharla,McLorinan,smclorinan8c@omniture.com,Genderfluid,Krona
302,Loraine,Toppin,ltoppin8d@nydailynews.com,Male,Koruna
303,Emyle,Liepmann,eliepmann8e@stanford.edu,Bigender,Euro
304,Gavrielle,Pinnington,gpinnington8f@usgs.gov,Agender,Ringgit
305,Stephi,Leal,sleal8g@nhs.uk,Male,Yuan Renminbi
306,Gordy,Songhurst,gsonghurst8h@bizjournals.com,Agender,Kuna
307,Nonah,Barrack,nbarrack8i@java.com,Genderfluid,Dollar
308,Dwight,Robertz,drobertz8j@storify.com,Genderqueer,Krona
309,Trudie,Copper,tcopper8k@w3.org,Bigender,Yuan Renminbi
310,Maurie,MacUchadair,mmacuchadair8l@salon.com,Female,Koruna
311,Leland,Cosham,lcosham8m@themeforest.net,Genderfluid,Kuna
312,Beth,Airey,bairey8n@cbsnews.com,Male,Dollar
313,Harbert,Jakab,hjakab8o@1688.com,Female,Euro
314,Dayle,Morstatt,dmorstatt8p@netscape.com,Genderqueer,Rupiah
315,Natalya,Baudou,nbaudou8q@dion.ne.jp,Female,Baht
316,Myrwyn,Regan,mregan8r@wufoo.com,Genderqueer,Zloty
317,Phip,Boog,pboog8s@livejournal.com,Genderfluid,Yuan Renminbi
318,Dud,Mirams,dmirams8t@about.com,Genderfluid,Euro
319,Melania,Clinkard,mclinkard8u@wix.com,Female,Rupiah
320,Darleen,Janes,djanes8v@army.mil,Polygender,Kwacha
321,Shae,Shaddock,sshaddock8w@washington.edu,Agender,Yuan Renminbi
322,Bevvy,Taffie,btaffie8x@sohu.com,Male,Yuan Renminbi
323,Colly,Bellin,cbellin8y@furl.net,Non-binary,Peso
324,Ewart,Masserel,emasserel8z@exblog.jp,Non-binary,Ruble
325,Blinny,Crowch,bcrowch90@bigcartel.com,Genderqueer,Yuan Renminbi
326,Charley,Brodway,cbrodway91@spotify.com,Non-binary,Euro
327,Sapphire,Huband,shuband92@bloomberg.com,Male,Real
328,Lesley,Tomsen,ltomsen93@shutterfly.com,Non-binary,Yuan Renminbi
329,Tine,Lomasna,tlomasna94@purevolume.com,Bigender,Yuan Renminbi
330,Marty,Keyzman,mkeyzman95@sakura.ne.jp,Non-binary,Real
331,Cory,Pennycock,cpennycock96@friendfeed.com,Agender,Real
332,Jacki,Mouth,jmouth97@miibeian.gov.cn,Non-binary,Dong
333,Stace,Fawcett,sfawcett98@rakuten.co.jp,Polygender,Dirham
334,Pen,Glowacz,pglowacz99@liveinternet.ru,Male,Yuan Renminbi
335,Bili,Orys,borys9a@epa.gov,Male,Ruble
336,Livy,Biers,lbiers9b@sogou.com,Female,Real
337,Stirling,Rediers,srediers9c@mayoclinic.com,Bigender,Dollar
338,Charlean,Gallemore,cgallemore9d@cisco.com,Agender,Taka
339,Brocky,Warin,bwarin9e@csmonitor.com,Agender,Yuan Renminbi
340,Oralla,Charter,ocharter9f@narod.ru,Genderqueer,Real
341,Zack,Leversuch,zleversuch9g@slideshare.net,Genderfluid,Euro
342,Helga,Bonas,hbonas9h@si.edu,Female,Yuan Renminbi
343,Florry,Renshall,frenshall9i@bizjournals.com,Bigender,Bolivar
344,Marty,Lafont,mlafont9j@squidoo.com,Male,Shekel
345,Kaye,Zellick,kzellick9k@fastcompany.com,Genderqueer,Yuan Renminbi
346,Dynah,Storr,dstorr9l@bloglines.com,Polygender,Euro
347,Noe,Lockyear,nlockyear9m@weather.com,Genderfluid,Franc
348,Devonna,Valero,dvalero9n@amazon.de,Genderqueer,Franc
349,Merrill,Comettoi,mcomettoi9o@symantec.com,Genderqueer,Yuan Renminbi
350,Garrek,Stewart,gstewart9p@mit.edu,Genderqueer,Dollar
351,Holden,Gething,hgething9q@godaddy.com,Polygender,Rufiyaa
352,Wendall,Cropton,wcropton9r@example.com,Female,Euro
353,Wynny,Binton,wbinton9s@utexas.edu,Male,Yuan Renminbi
354,Niki,Pheasant,npheasant9t@ca.gov,Genderqueer,Peso
355,Boony,Yuryev,byuryev9u@instagram.com,Female,Yuan Renminbi
356,Emelita,Keane,ekeane9v@nyu.edu,Non-binary,Krona
357,Kalila,Ainsworth,kainsworth9w@php.net,Polygender,Shilling
358,Tommy,Aronovitz,taronovitz9x@businesswire.com,Male,Sol
359,Kristan,Mattaser,kmattaser9y@goo.ne.jp,Genderfluid,Afghani
360,Cecily,Noon,cnoon9z@biblegateway.com,Bigender,Peso
361,Broddie,McAlarney,bmcalarneya0@oaic.gov.au,Polygender,Rupiah
362,Towney,Hartshorn,thartshorna1@google.com,Polygender,Real
363,Cliff,MacMakin,cmacmakina2@facebook.com,Female,Euro
364,Mellisa,Harlett,mharletta3@umich.edu,Male,Franc
365,Donaugh,Norton,dnortona4@irs.gov,Bigender,Yuan Renminbi
366,Oliviero,Meadley,omeadleya5@friendfeed.com,Polygender,Yuan Renminbi
367,Rose,Fumagall,rfumagalla6@instagram.com,Genderqueer,Rupiah
368,Tremain,Seyler,tseylera7@themeforest.net,Genderfluid,Dollar
369,Dilan,Dockrill,ddockrilla8@plala.or.jp,Genderqueer,Taka
370,Jessalyn,Surman,jsurmana9@naver.com,Genderqueer,Yuan Renminbi
371,Schuyler,Hazlehurst,shazlehurstaa@live.com,Bigender,Peso
372,Inigo,Samples,isamplesab@amazon.co.jp,Bigender,Rupiah
373,Jordan,Bussell,jbussellac@clickbank.net,Bigender,Yuan Renminbi
374,Lucky,Grimes,lgrimesad@msu.edu,Genderfluid,Won
375,Marya,Mulder,mmulderae@dell.com,Polygender,Dinar
376,Ashlen,Muir,amuiraf@stanford.edu,Bigender,Peso
377,Angel,Sherwyn,asherwynag@craigslist.org,Genderqueer,Rupiah
378,Brianne,Cakes,bcakesah@wikimedia.org,Bigender,Peso
379,Gennifer,Enochsson,genochssonai@hao123.com,Agender,Som
380,Sayre,Holtham,sholthamaj@apache.org,Non-binary,Shilling
381,Kriste,MacDermid,kmacdermidak@miitbeian.gov.cn,Genderfluid,Yuan Renminbi
382,Stefan,De Simoni,sdesimonial@tripod.com,Male,Yuan Renminbi
383,Sioux,Ragot,sragotam@nbcnews.com,Agender,Yuan Renminbi
384,Meghann,Farnes,mfarnesan@foxnews.com,Male,Tenge
385,Keefe,Nosworthy,knosworthyao@github.com,Polygender,Rupiah
386,Brook,MacKowle,bmackowleap@prweb.com,Agender,Yuan Renminbi
387,Sophie,Emtage,semtageaq@zimbio.com,Genderqueer,Zloty
388,Donnie,Glassard,dglassardar@tmall.com,Genderqueer,Lempira
389,Noam,Nisius,nnisiusas@plala.or.jp,Agender,Dollar
390,Annecorinne,Kyme,akymeat@rediff.com,Bigender,Yuan Renminbi
391,Germayne,Isaacson,gisaacsonau@topsy.com,Agender,Rial
392,Melisenda,Farrow,mfarrowav@toplist.cz,Genderfluid,Dinar
393,Martainn,Maypole,mmaypoleaw@unc.edu,Agender,Dollar
394,Cointon,Zannutti,czannuttiax@pbs.org,Non-binary,Hryvnia
395,Genevra,Wishart,gwishartay@woothemes.com,Genderfluid,Dollar
396,Issy,Luciani,ilucianiaz@illinois.edu,Male,Bolivar
397,Sherry,Barrat,sbarratb0@cnet.com,Non-binary,Dollar
398,Darline,Barfoot,dbarfootb1@samsung.com,Female,Gourde
399,Brynna,Inett,binettb2@instagram.com,Male,Yuan Renminbi
400,Skip,O'Callaghan,socallaghanb3@telegraph.co.uk,Non-binary,Dollar
401,Josi,Terzo,jterzob4@cnet.com,Non-binary,Dram
402,Erin,Hazeldene,ehazeldeneb5@liveinternet.ru,Genderqueer,Euro
403,Teresa,Birrel,tbirrelb6@census.gov,Bigender,Rupiah
404,Aron,Matuszkiewicz,amatuszkiewiczb7@dmoz.org,Male,Euro
405,Tanya,Foulgham,tfoulghamb8@omniture.com,Agender,Dram
406,Jaime,Calafate,jcalafateb9@about.me,Genderqueer,Dong
407,Aylmar,Middle,amiddleba@dmoz.org,Non-binary,Koruna
408,Eadith,Sillito,esillitobb@yellowbook.com,Female,Dollar
409,Amelita,Rookesby,arookesbybc@bloglines.com,Female,Rupiah
410,Benedetto,Kilmister,bkilmisterbd@opera.com,Male,Kuna
411,Raimund,Bayman,rbaymanbe@nationalgeographic.com,Non-binary,Zloty
412,Kerwinn,Mellem,kmellembf@amazon.co.jp,Polygender,Pound
413,Zack,Dael,zdaelbg@cornell.edu,Agender,Peso
414,Aldin,Hembry,ahembrybh@noaa.gov,Genderqueer,Peso
415,Rhoda,Deinhardt,rdeinhardtbi@marketwatch.com,Agender,Sol
416,Pierre,Angerstein,pangersteinbj@tripod.com,Polygender,Rupiah
417,Quinlan,Brunel,qbrunelbk@addthis.com,Male,Ruble
418,Vinnie,Kupisz,vkupiszbl@google.com.au,Bigender,Real
419,Doug,Kenson,dkensonbm@washington.edu,Agender,Real
420,Scarlett,Tallow,stallowbn@theatlantic.com,Agender,Euro
421,Cointon,Jent,cjentbo@google.com.hk,Genderfluid,Yuan Renminbi
422,Andra,Clappson,aclappsonbp@last.fm,Genderfluid,Rupiah
423,Tawnya,Maciejewski,tmaciejewskibq@economist.com,Agender,Naira
424,Conant,Deek,cdeekbr@cbc.ca,Polygender,Rupiah
425,Vinnie,Pavkovic,vpavkovicbs@tinyurl.com,Male,Pound
426,Corrina,Hordle,chordlebt@bizjournals.com,Genderqueer,Yuan Renminbi
427,Arabela,Mulvagh,amulvaghbu@vistaprint.com,Male,Krona
428,Kass,Gooderridge,kgooderridgebv@mayoclinic.com,Genderfluid,Ruble
429,Ike,Di Ruggero,idiruggerobw@mediafire.com,Male,Yuan Renminbi
430,Benedict,Mahody,bmahodybx@meetup.com,Female,Rupiah
431,Hailey,Habbergham,hhabberghamby@google.pl,Genderqueer,Rupiah
432,Eolande,Nashe,enashebz@eventbrite.com,Genderfluid,Ruble
433,Bryna,O' Donohoe,bodonohoec0@macromedia.com,Male,Rupiah
434,Zane,Rosenzveig,zrosenzveigc1@g.co,Genderfluid,Franc
435,Ange,Jados,ajadosc2@alexa.com,Female,Yen
436,Jillene,Plewman,jplewmanc3@chron.com,Male,Yuan Renminbi
437,Marco,Chadd,mchaddc4@prnewswire.com,Non-binary,Balboa
438,Esmeralda,Alexandersen,ealexandersenc5@nifty.com,Male,Euro
439,Moishe,Chillcot,mchillcotc6@wikipedia.org,Genderqueer,Rupiah
440,Frances,Radnage,fradnagec7@sina.com.cn,Polygender,Hryvnia
441,Callida,Mochar,cmocharc8@home.pl,Genderfluid,Euro
442,Coop,Somerfield,csomerfieldc9@paginegialle.it,Genderqueer,Ruble
443,Bryn,Duthy,bduthyca@odnoklassniki.ru,Agender,Yuan Renminbi
444,Jere,Sharkey,jsharkeycb@youtube.com,Agender,Euro
445,Lindsay,MacClenan,lmacclenancc@vkontakte.ru,Bigender,Rupiah
446,Hildy,Capehorn,hcapehorncd@eepurl.com,Female,Yuan Renminbi
447,Adoree,Moyce,amoycece@cbsnews.com,Non-binary,Ruble
448,Cristina,Garstan,cgarstancf@meetup.com,Genderqueer,Rial
449,Averil,McCarlie,amccarliecg@soundcloud.com,Bigender,Zloty
450,Laurie,Graal,lgraalch@wufoo.com,Non-binary,Koruna
451,Bettine,Naris,bnarisci@umich.edu,Agender,Yuan Renminbi
452,Rivi,Faich,rfaichcj@state.tx.us,Female,Peso
453,Fidole,Koenen,fkoenenck@forbes.com,Polygender,Yuan Renminbi
454,Boyd,Hickisson,bhickissoncl@simplemachines.org,Male,Dollar
455,Isa,Brimblecomb,ibrimblecombcm@domainmarket.com,Genderfluid,Euro
456,Lodovico,Lorentz,llorentzcn@oakley.com,Genderfluid,Ruble
457,Nichole,Benoit,nbenoitco@washingtonpost.com,Genderqueer,Yuan Renminbi
458,Vasily,Keggin,vkeggincp@baidu.com,Non-binary,Rand
459,Mada,Seater,mseatercq@earthlink.net,Polygender,Yuan Renminbi
460,Ezechiel,Trunks,etrunkscr@about.com,Genderfluid,Yen
461,Gwenni,Semon,gsemoncs@bloglines.com,Genderfluid,Peso
462,Jaine,Leah,jleahct@angelfire.com,Non-binary,Rupiah
463,Nixie,McKue,nmckuecu@phpbb.com,Male,Franc
464,Daffy,Etter,dettercv@umn.edu,Agender,Peso
465,Missie,Peaple,mpeaplecw@cyberchimps.com,Polygender,Euro
466,Claudelle,Corkill,ccorkillcx@cam.ac.uk,Female,Koruna
467,Claybourne,Allred,callredcy@tuttocitta.it,Non-binary,Naira
468,Caresse,Bruna,cbrunacz@behance.net,Bigender,Euro
469,Charmain,Dyka,cdykad0@diigo.com,Genderfluid,Yuan Renminbi
470,Allard,Powter,apowterd1@webnode.com,Genderqueer,Rupiah
471,Concordia,Moneypenny,cmoneypennyd2@theatlantic.com,Polygender,Rupiah
472,Reagan,Attyeo,rattyeod3@webeden.co.uk,Bigender,Leone
473,Cherianne,Cadogan,ccadogand4@eepurl.com,Polygender,Peso
474,Whit,Geeson,wgeesond5@goodreads.com,Genderfluid,Peso
475,Waneta,Causey,wcauseyd6@linkedin.com,Male,Naira
476,Leshia,Dubble,ldubbled7@sakura.ne.jp,Non-binary,Peso
477,Natalie,Shmyr,nshmyrd8@dmoz.org,Genderqueer,Peso
478,Mendie,Ambrozewicz,mambrozewiczd9@goo.gl,Male,Yuan Renminbi
479,Brent,Grinsdale,bgrinsdaleda@google.cn,Bigender,Rupee
480,Lucilia,Elflain,lelflaindb@amazon.co.jp,Agender,Peso
481,Wiatt,Kayne,wkaynedc@apache.org,Female,Peso
482,Zorina,Pattenden,zpattendendd@netvibes.com,Non-binary,Ruble
483,Flossie,Costa,fcostade@fc2.com,Non-binary,Denar
484,Bertram,Yurkov,byurkovdf@slideshare.net,Male,Real
485,Emlyn,Buche,ebuchedg@cbsnews.com,Polygender,Real
486,Daniela,Dowbakin,ddowbakindh@pen.io,Genderfluid,Yuan Renminbi
487,Reeta,Rawlcliffe,rrawlcliffedi@uol.com.br,Non-binary,Real
488,Franky,Geaveny,fgeavenydj@yellowbook.com,Genderfluid,Dinar
489,Tera,Boatswain,tboatswaindk@slashdot.org,Agender,Yen
490,Ange,Phebey,aphebeydl@fotki.com,Agender,Rupiah
491,Suzie,Crampton,scramptondm@google.fr,Non-binary,Yen
492,Lester,Guillart,lguillartdn@java.com,Genderfluid,Real
493,Brande,Eastup,beastupdo@sourceforge.net,Genderqueer,Dollar
494,Colet,Bruneton,cbrunetondp@hatena.ne.jp,Genderqueer,Krona
495,Letisha,Balden,lbaldendq@about.me,Female,Baht
496,Meryl,Rubi,mrubidr@wikispaces.com,Female,Yen
497,Erin,Hinge,ehingeds@foxnews.com,Female,Ruble
498,Camellia,Stronough,cstronoughdt@reverbnation.com,Agender,Euro
499,Deni,Biers,dbiersdu@amazonaws.com,Female,Ruble
500,Langsdon,Baterip,lbateripdv@alibaba.com,Genderqueer,Real
501,Lottie,Tolputt,ltolputtdw@skype.com,Genderqueer,Yuan Renminbi
502,Stearn,Gernier,sgernierdx@guardian.co.uk,Non-binary,Euro
503,Chance,Franzonello,cfranzonellody@t-online.de,Agender,Yuan Renminbi
504,Anna,Balmadier,abalmadierdz@1und1.de,Female,Ruble
505,Ardyth,Evennett,aevennette0@yahoo.co.jp,Female,Real
506,Shelagh,Fitzsymon,sfitzsymone1@163.com,Non-binary,Yuan Renminbi
507,Cortney,Cometson,ccometsone2@cpanel.net,Non-binary,Sol
508,Karilynn,Powe,kpowee3@usa.gov,Agender,Rupiah
509,Christean,Briddock,cbriddocke4@netvibes.com,Polygender,Yuan Renminbi
510,Kirby,Titmuss,ktitmusse5@histats.com,Genderqueer,Ruble
511,Bevon,Causton,bcaustone6@xrea.com,Male,Peso
512,Alida,Gravatt,agravatte7@census.gov,Bigender,Euro
513,Vasily,Gloves,vglovese8@yahoo.co.jp,Genderfluid,Yuan Renminbi
514,Clem,Mayhew,cmayhewe9@over-blog.com,Agender,Hryvnia
515,Ora,Downton,odowntonea@reddit.com,Polygender,Zloty
516,Harriot,Strange,hstrangeeb@examiner.com,Agender,Ruble
517,Zilvia,Merriday,zmerridayec@harvard.edu,Male,Zloty
518,Terri,Loghan,tloghaned@sbwire.com,Genderqueer,Euro
519,Cy,Willgoose,cwillgooseee@google.co.uk,Female,Euro
520,Hansiain,Halling,hhallingef@last.fm,Agender,Yen
521,Maire,Roxburgh,mroxburgheg@thetimes.co.uk,Genderfluid,Yuan Renminbi
522,Lottie,Gerren,lgerreneh@vimeo.com,Male,Euro
523,Jayne,Purkis,jpurkisei@wired.com,Polygender,Peso
524,Prudence,Rospars,prosparsej@unesco.org,Female,Euro
525,Domenico,Trippitt,dtrippittek@mac.com,Non-binary,Peso
526,Nikki,Plan,nplanel@ft.com,Polygender,Ruble
527,Denice,Delafoy,ddelafoyem@huffingtonpost.com,Agender,Hryvnia
528,Karim,O'Reilly,koreillyen@adobe.com,Genderqueer,Euro
529,Ammamaria,Litchmore,alitchmoreeo@github.com,Genderfluid,Rial
530,Peggi,Cushworth,pcushworthep@nyu.edu,Bigender,Real
531,Maurice,Durston,mdurstoneq@vistaprint.com,Female,Euro
532,Randy,Aldwich,raldwicher@artisteer.com,Non-binary,Pound
533,Isabelle,Twining,itwininges@godaddy.com,Bigender,Shilling
534,Dev,Sandes,dsandeset@archive.org,Genderqueer,Zloty
535,Kevan,Ifill,kifilleu@psu.edu,Genderqueer,Peso
536,Marianne,Guiot,mguiotev@wsj.com,Genderfluid,Rupiah
537,Ignazio,Negri,inegriew@networkadvertising.org,Genderqueer,Yuan Renminbi
538,Jorrie,Clowes,jclowesex@squidoo.com,Female,Yuan Renminbi
539,Waly,Lambin,wlambiney@hp.com,Bigender,Ruble
540,Gerhard,Noble,gnobleez@hostgator.com,Genderfluid,Franc
541,Dennis,Slott,dslottf0@amazonaws.com,Female,Krona
542,Lorianne,Patters,lpattersf1@uol.com.br,Non-binary,Hryvnia
543,Conney,Donald,cdonaldf2@feedburner.com,Agender,Rupiah
544,Kellby,Petru,kpetruf3@comcast.net,Genderqueer,Euro
545,Brittany,Link,blinkf4@nih.gov,Non-binary,Peso
546,Rosalie,McIlmorow,rmcilmorowf5@mapy.cz,Agender,Yuan Renminbi
547,Dina,Cisland,dcislandf6@bloglines.com,Genderfluid,Rupiah
548,Ede,Kobierra,ekobierraf7@ca.gov,Male,Dollar
549,Danica,Stuckley,dstuckleyf8@wix.com,Genderqueer,Yuan Renminbi
550,Gray,Walbridge,gwalbridgef9@netlog.com,Polygender,Koruna
551,Mariele,Spray,msprayfa@archive.org,Bigender,Dinar
552,Merv,Percival,mpercivalfb@ftc.gov,Bigender,Koruna
553,Carmelia,Irvine,cirvinefc@cnbc.com,Genderqueer,Franc
554,Dallon,Inchboard,dinchboardfd@bluehost.com,Agender,Sol
555,Donella,Cassedy,dcassedyfe@bloglines.com,Female,Yuan Renminbi
556,Nolly,Smillie,nsmillieff@is.gd,Non-binary,Zloty
557,Vanni,Dondon,vdondonfg@parallels.com,Bigender,Real
558,Adrian,Fildery,afilderyfh@exblog.jp,Female,Baht
559,Homerus,Smeeth,hsmeethfi@redcross.org,Female,Lek
560,Germain,Sennett,gsennettfj@thetimes.co.uk,Genderqueer,Euro
561,Eunice,Grierson,egriersonfk@admin.ch,Female,Dollar
562,Lura,Saurin,lsaurinfl@oakley.com,Polygender,Dollar
563,Wendall,Benmore,wbenmorefm@ibm.com,Male,Rupiah
564,Nicolais,Rivilis,nrivilisfn@creativecommons.org,Agender,Dollar
565,Clayborne,Trevithick,ctrevithickfo@state.tx.us,Non-binary,Yuan Renminbi
566,Alejandra,Braams,abraamsfp@booking.com,Polygender,Euro
567,Jefferson,Newiss,jnewissfq@simplemachines.org,Female,Euro
568,Isidoro,Hargreves,ihargrevesfr@businessweek.com,Genderqueer,Ringgit
569,Mozelle,Garnham,mgarnhamfs@bbb.org,Female,Franc
570,Hansiain,Boanas,hboanasft@jiathis.com,Male,Rupiah
571,Harmonie,Loins,hloinsfu@soup.io,Agender,Sol
572,Kaitlynn,Alexandrescu,kalexandrescufv@washingtonpost.com,Agender,Rupiah
573,Lainey,Friend,lfriendfw@ibm.com,Genderfluid,Euro
574,Danell,Ouldcott,douldcottfx@thetimes.co.uk,Polygender,Yuan Renminbi
575,Cello,Barhims,cbarhimsfy@yahoo.co.jp,Agender,Rupiah
576,Valentijn,Harraway,vharrawayfz@uiuc.edu,Non-binary,Rupiah
577,Sorcha,Mawditt,smawdittg0@ovh.net,Genderqueer,Real
578,Ellery,Joan,ejoang1@moonfruit.com,Genderfluid,Baht
579,Tiffani,Kastel,tkastelg2@sbwire.com,Polygender,Yuan Renminbi
580,Fredek,Coniff,fconiffg3@hexun.com,Male,Yuan Renminbi
581,Jedediah,Stilgoe,jstilgoeg4@usa.gov,Male,Peso
582,Orelle,Dreye,odreyeg5@auda.org.au,Bigender,Rupiah
583,Dorisa,Staggs,dstaggsg6@sun.com,Agender,Peso
584,Pennie,Maudson,pmaudsong7@deliciousdays.com,Non-binary,Yuan Renminbi
585,Evangeline,Conre,econreg8@example.com,Genderfluid,Yuan Renminbi
586,Wendy,Ditchfield,wditchfieldg9@clickbank.net,Genderqueer,Hryvnia
587,Lorenzo,Reeday,lreedayga@cyberchimps.com,Genderfluid,Yuan Renminbi
588,Geno,Wight,gwightgb@unc.edu,Genderfluid,Yuan Renminbi
589,Harman,Sorro,hsorrogc@google.pl,Genderqueer,Tenge
590,Hal,Dewi,hdewigd@mail.ru,Male,Yuan Renminbi
591,Bobbe,Rapsey,brapseyge@list-manage.com,Genderfluid,Euro
592,Mortie,Kibard,mkibardgf@webs.com,Agender,Rial
593,Alyse,Born,aborngg@jiathis.com,Bigender,Dollar
594,Darill,Neames,dneamesgh@canalblog.com,Polygender,Dollar
595,Renell,Beresfore,rberesforegi@ow.ly,Agender,Dollar
596,Derek,Gye,dgyegj@shareasale.com,Genderqueer,Yuan Renminbi
597,Horatio,Raubheim,hraubheimgk@weather.com,Non-binary,Cordoba
598,Raquel,Mixer,rmixergl@reverbnation.com,Genderqueer,Peso
599,Dominique,Presslee,dpressleegm@army.mil,Polygender,Yuan Renminbi
600,Lisabeth,Revie,lreviegn@jugem.jp,Male,Som
601,Martyn,Kerwick,mkerwickgo@storify.com,Genderfluid,Euro
602,Corenda,Patters,cpattersgp@craigslist.org,Agender,Yuan Renminbi
603,Lianna,Libero,lliberogq@dmoz.org,Genderfluid,Rupiah
604,Godfree,Ruskin,gruskingr@go.com,Non-binary,Peso
605,Benedikt,Towsey,btowseygs@va.gov,Male,Dollar
606,Akim,Steinor,asteinorgt@dedecms.com,Female,Rupiah
607,Curr,Nussgen,cnussgengu@flavors.me,Bigender,Sol
608,Brodie,Exroll,bexrollgv@wix.com,Genderqueer,Yuan Renminbi
609,Yoshiko,Timmis,ytimmisgw@unblog.fr,Polygender,Franc
610,Dean,Budge,dbudgegx@examiner.com,Agender,Rial
611,Sim,Deakes,sdeakesgy@foxnews.com,Polygender,Peso
612,Melinda,Coneybeare,mconeybearegz@hao123.com,Agender,Lek
613,Dorice,Covendon,dcovendonh0@earthlink.net,Agender,Euro
614,Ruthe,Zuanazzi,rzuanazzih1@eepurl.com,Agender,Rupiah
615,Cissiee,Heathcott,cheathcotth2@spiegel.de,Non-binary,Naira
616,Kerwinn,Le Fevre,klefevreh3@pinterest.com,Female,Lira
617,Codi,Creevy,ccreevyh4@mozilla.org,Bigender,Franc
618,Melodie,Drinkhall,mdrinkhallh5@weibo.com,Non-binary,Hryvnia
619,Luciano,Kedie,lkedieh6@google.ca,Non-binary,Yuan Renminbi
620,Brigit,Prandi,bprandih7@amazonaws.com,Agender,Yuan Renminbi
621,Tobias,Lawford,tlawfordh8@elpais.com,Non-binary,Krona
622,Hilde,Sawer,hsawerh9@hp.com,Female,Yuan Renminbi
623,Birk,McCuthais,bmccuthaisha@princeton.edu,Agender,Yuan Renminbi
624,Daisi,Ronci,droncihb@deliciousdays.com,Genderqueer,Zloty
625,Reeba,Kilcullen,rkilcullenhc@wsj.com,Genderfluid,Ruble
626,Rich,Mourant,rmouranthd@furl.net,Non-binary,Peso
627,Feodora,Lethabridge,flethabridgehe@ycombinator.com,Agender,Zloty
628,Shaw,Dorset,sdorsethf@sourceforge.net,Genderqueer,Rupiah
629,Kellina,Puleque,kpulequehg@de.vu,Male,Yuan Renminbi
630,Pete,Flicker,pflickerhh@newyorker.com,Polygender,Yuan Renminbi
631,Simona,Shepeard,sshepeardhi@amazon.co.jp,Male,Dollar
632,Chicky,Atling,catlinghj@wordpress.com,Non-binary,Zloty
633,Glori,Balint,gbalinthk@altervista.org,Non-binary,Yuan Renminbi
634,Guglielmo,Reinmar,greinmarhl@businesswire.com,Non-binary,Yuan Renminbi
635,Moshe,Crollman,mcrollmanhm@bloglovin.com,Genderfluid,Dirham
636,Dane,Haugen,dhaugenhn@slate.com,Female,Rial
637,Giacinta,Gotcliff,ggotcliffho@is.gd,Genderqueer,Pound
638,Tedmund,Burchmore,tburchmorehp@ted.com,Female,Lek
639,Carl,Upjohn,cupjohnhq@yandex.ru,Polygender,Yuan Renminbi
640,Aidan,Quartly,aquartlyhr@networksolutions.com,Genderfluid,Peso
641,Romy,Cracknall,rcracknallhs@weebly.com,Non-binary,Hryvnia
642,Lotty,Poff,lpoffht@tiny.cc,Non-binary,Yuan Renminbi
643,Reilly,Paye,rpayehu@prweb.com,Genderqueer,Won
644,Derril,Uttley,duttleyhv@si.edu,Non-binary,Yuan Renminbi
645,Corey,Bartels-Ellis,cbartelsellishw@imgur.com,Female,Euro
646,Tootsie,Spedroni,tspedronihx@harvard.edu,Genderfluid,Yuan Renminbi
647,Tades,Kurten,tkurtenhy@surveymonkey.com,Polygender,Yuan Renminbi
648,Allie,Aloshkin,aaloshkinhz@fc2.com,Female,Dollar
649,Farlie,Hordle,fhordlei0@ft.com,Male,Zloty
650,Perry,Coupman,pcoupmani1@bloomberg.com,Female,Peso
651,Sheryl,Leathlay,sleathlayi2@wp.com,Genderfluid,Euro
652,Noella,Heinsen,nheinseni3@washingtonpost.com,Bigender,Zloty
653,Mellisa,Aluard,maluardi4@jiathis.com,Polygender,Krone
654,Charissa,Blackmuir,cblackmuiri5@tumblr.com,Genderqueer,Real
655,Jerrilee,Gookey,jgookeyi6@dmoz.org,Agender,Shekel
656,Tina,Baptie,tbaptiei7@1688.com,Polygender,Tenge
657,Stella,Heinritz,sheinritzi8@t-online.de,Female,Real
658,Dacie,Bransom,dbransomi9@booking.com,Bigender,Rupiah
659,Parnell,D'Ruel,pdruelia@dagondesign.com,Genderqueer,Yuan Renminbi
660,Jocelyne,Berick,jberickib@goo.ne.jp,Polygender,Yuan Renminbi
661,Ivette,Rodders,iroddersic@ask.com,Genderfluid,Krona
662,Prissie,Fairhurst,pfairhurstid@cisco.com,Non-binary,Pound
663,Sisile,Poley,spoleyie@newsvine.com,Genderfluid,Real
664,Debor,Dunrige,ddunrigeif@github.com,Male,Ruble
665,Guillaume,Bockings,gbockingsig@friendfeed.com,Genderqueer,Lempira
666,Ellissa,Gors,egorsih@is.gd,Female,Ruble
667,Phyllis,Fortesquieu,pfortesquieuii@merriam-webster.com,Genderfluid,Yuan Renminbi
668,Rhetta,Malenoir,rmalenoirij@xing.com,Male,Peso
669,Drusy,Proswell,dproswellik@adobe.com,Bigender,Peso
670,Der,Philliskirk,dphilliskirkil@hp.com,Agender,Euro
671,Elyn,Rouchy,erouchyim@prweb.com,Male,Rupiah
672,Michal,Kervin,mkervinin@bloglovin.com,Male,Kuna
673,Sonni,Lademann,slademannio@ucoz.ru,Genderqueer,Euro
674,Darrick,Jakubovits,djakubovitsip@goodreads.com,Bigender,Rupiah
675,Aurlie,Tetford,atetfordiq@yolasite.com,Bigender,Rupiah
676,Susann,Wolton,swoltonir@sakura.ne.jp,Agender,Euro
677,Ursala,Kesper,ukesperis@amazonaws.com,Genderqueer,Dinar
678,Addy,Croyden,acroydenit@printfriendly.com,Agender,Yen
679,Fania,Siggin,fsigginiu@ebay.com,Agender,Euro
680,Steve,Crispe,scrispeiv@wix.com,Bigender,Rupiah
681,Carlin,Ickovic,cickoviciw@youtu.be,Agender,Euro
682,Dyna,Ivetts,divettsix@senate.gov,Polygender,Dollar
683,Eugene,Winterburn,ewinterburniy@ft.com,Male,Euro
684,Almira,Plinck,aplinckiz@edublogs.org,Genderqueer,Euro
685,Bonni,Syrad,bsyradj0@adobe.com,Genderfluid,Euro
686,Nicol,McCafferty,nmccaffertyj1@stumbleupon.com,Genderfluid,Ruble
687,Valera,MacGraith,vmacgraithj2@cbsnews.com,Genderfluid,Dollar
688,Doyle,Vlasin,dvlasinj3@miitbeian.gov.cn,Genderfluid,Euro
689,Tripp,Beddingham,tbeddinghamj4@discuz.net,Female,Hryvnia
690,Godiva,Ligertwood,gligertwoodj5@slideshare.net,Genderfluid,Shilling
691,Maggy,Pochon,mpochonj6@issuu.com,Agender,Peso
692,Pepita,Oswick,poswickj7@independent.co.uk,Male,Peso
693,Adolf,Kiffe,akiffej8@flickr.com,Female,Yuan Renminbi
694,Joella,Ivkovic,jivkovicj9@twitpic.com,Polygender,Ruble
695,Colver,Diamant,cdiamantja@usnews.com,Polygender,Euro
696,Kerr,Treeby,ktreebyjb@amazon.co.uk,Male,Dollar
697,Bebe,Stearns,bstearnsjc@techcrunch.com,Bigender,Rupiah
698,Nikos,Rime,nrimejd@lycos.com,Male,Yuan Renminbi
699,Martyn,McMinn,mmcminnje@parallels.com,Bigender,Som
700,Maryanne,Boost,mboostjf@wikispaces.com,Female,Zloty
701,Neilla,Routledge,nroutledgejg@cloudflare.com,Non-binary,Rupiah
702,Lennie,O'Coskerry,locoskerryjh@123-reg.co.uk,Genderfluid,Real
703,Bernhard,Sparshatt,bsparshattji@devhub.com,Bigender,Franc
704,Der,Harmstone,dharmstonejj@sakura.ne.jp,Male,Ruble
705,Ingunna,Harlow,iharlowjk@fotki.com,Agender,Euro
706,Freeland,Daintith,fdaintithjl@cbsnews.com,Male,Real
707,Dre,Smolan,dsmolanjm@nytimes.com,Bigender,Euro
708,Wendel,Stiling,wstilingjn@usnews.com,Non-binary,Yuan Renminbi
709,Kathi,Wyvill,kwyvilljo@unblog.fr,Female,Real
710,Sileas,Schaumaker,sschaumakerjp@domainmarket.com,Genderfluid,Yuan Renminbi
711,Hailee,Smewings,hsmewingsjq@dailymotion.com,Non-binary,Peso
712,Kinny,Broz,kbrozjr@cmu.edu,Genderfluid,Krona
713,Allina,Reagan,areaganjs@tumblr.com,Male,Yuan Renminbi
714,Griffy,Bertson,gbertsonjt@examiner.com,Bigender,Yuan Renminbi
715,Hamilton,Connick,hconnickju@macromedia.com,Polygender,Krona
716,Les,Youthead,lyoutheadjv@exblog.jp,Polygender,Hryvnia
717,Izaak,Grebert,igrebertjw@boston.com,Bigender,Ruble
718,Heidie,Radsdale,hradsdalejx@scribd.com,Non-binary,Ruble
719,Jeanie,Vern,jvernjy@msn.com,Bigender,Rupiah
720,Connor,Tranfield,ctranfieldjz@cargocollective.com,Male,Yuan Renminbi
721,Julina,Jurries,jjurriesk0@amazon.com,Bigender,Zloty
722,Rudie,Scallon,rscallonk1@cafepress.com,Female,Pound
723,Moe,Esherwood,mesherwoodk2@parallels.com,Male,Ruble
724,Gusti,Cowlin,gcowlink3@vinaora.com,Non-binary,Yuan Renminbi
725,Danita,Haet,dhaetk4@imgur.com,Polygender,Yuan Renminbi
726,Hermon,Gorusso,hgorussok5@dell.com,Polygender,Yuan Renminbi
727,Haroun,Matchell,hmatchellk6@businessweek.com,Agender,Sol
728,Dolph,Kluger,dklugerk7@tuttocitta.it,Bigender,Peso
729,Dorris,Sparrowhawk,dsparrowhawkk8@google.ca,Bigender,Rupiah
730,Sharl,Hugueville,shuguevillek9@newyorker.com,Female,Real
731,Bianca,Duff,bduffka@yahoo.co.jp,Bigender,Won
732,Marty,Chillistone,mchillistonekb@yellowbook.com,Female,Real
733,Morley,Cownden,mcowndenkc@hc360.com,Agender,Kip
734,Kathye,John,kjohnkd@indiegogo.com,Non-binary,Won
735,Rem,Huckerby,rhuckerbyke@merriam-webster.com,Female,Real
736,Kania,Redparth,kredparthkf@tripod.com,Genderqueer,Yuan Renminbi
737,Mira,Frowing,mfrowingkg@youtu.be,Agender,Zloty
738,Randee,Bartoleyn,rbartoleynkh@de.vu,Male,Rupiah
739,Korrie,Leeder,kleederki@un.org,Female,Euro
740,Josi,Wray,jwraykj@webmd.com,Male,Rupiah
741,Olly,Breed,obreedkk@multiply.com,Bigender,Yuan Renminbi
742,Andreana,Ledes,aledeskl@icq.com,Genderfluid,Rupiah
743,Beltran,Jirieck,bjirieckkm@angelfire.com,Bigender,Yuan Renminbi
744,Beau,Daldan,bdaldankn@usgs.gov,Agender,Euro
745,Granville,Swatradge,gswatradgeko@hp.com,Agender,Peso
746,Rice,Grancher,rgrancherkp@livejournal.com,Agender,Peso
747,Charisse,Mullard,cmullardkq@ox.ac.uk,Bigender,Tugrik
748,Bancroft,Mensler,bmenslerkr@is.gd,Polygender,Yen
749,Amil,O'Brollachain,aobrollachainks@usatoday.com,Polygender,Rial
750,Carson,Dart,cdartkt@altervista.org,Polygender,Zloty
751,Munroe,Vanyard,mvanyardku@hao123.com,Bigender,Denar
752,Terra,Vasilov,tvasilovkv@yahoo.co.jp,Agender,Yuan Renminbi
753,Tandy,Kepe,tkepekw@jalbum.net,Bigender,Yuan Renminbi
754,Noell,Boarder,nboarderkx@mashable.com,Bigender,Yuan Renminbi
755,Samaria,McCrainor,smccrainorky@newyorker.com,Female,Boliviano
756,Darcee,Evangelinos,devangelinoskz@live.com,Female,Rupiah
757,Christal,Hampshaw,champshawl0@sina.com.cn,Non-binary,Yuan Renminbi
758,Gabriela,Beedon,gbeedonl1@stumbleupon.com,Female,Tugrik
759,Harrie,Jenk,hjenkl2@nbcnews.com,Bigender,Hryvnia
760,Jase,Bosenworth,jbosenworthl3@gizmodo.com,Genderqueer,Euro
761,Genevra,Firpi,gfirpil4@biglobe.ne.jp,Genderqueer,Dram
762,Jaye,Scotchmur,jscotchmurl5@unicef.org,Agender,Hryvnia
763,Alysa,Chaldecott,achaldecottl6@purevolume.com,Genderqueer,Euro
764,Karrah,McCarle,kmccarlel7@etsy.com,Agender,Dollar
765,Parnell,Linacre,plinacrel8@census.gov,Agender,Lempira
766,Free,Daughtrey,fdaughtreyl9@columbia.edu,Bigender,Shilling
767,Petunia,Grosvenor,pgrosvenorla@typepad.com,Agender,Euro
768,Melodie,Trorey,mtroreylb@unicef.org,Non-binary,Yuan Renminbi
769,Silvie,Kearley,skearleylc@typepad.com,Genderqueer,Sol
770,Kitti,Chatt,kchattld@shop-pro.jp,Non-binary,Euro
771,Dorry,Murtagh,dmurtaghle@jalbum.net,Genderfluid,Yuan Renminbi
772,Almeda,Gecke,ageckelf@timesonline.co.uk,Non-binary,Rupiah
773,Aliza,Nairns,anairnslg@intel.com,Genderfluid,Ruble
774,Marne,Chinnery,mchinnerylh@hugedomains.com,Polygender,Peso
775,Graehme,Phizackerly,gphizackerlyli@slashdot.org,Agender,Dollar
776,Griff,Kibbe,gkibbelj@altervista.org,Genderqueer,Hryvnia
777,Moina,Phlippsen,mphlippsenlk@discovery.com,Non-binary,Koruna
778,Cyrus,Blakebrough,cblakebroughll@simplemachines.org,Non-binary,Krona
779,Aurelie,Talman,atalmanlm@nba.com,Male,Dollar
780,Dolf,Roobottom,droobottomln@examiner.com,Agender,Euro
781,Tedd,Abrahams,tabrahamslo@e-recht24.de,Bigender,Yuan Renminbi
782,Granger,Rieme,griemelp@opensource.org,Polygender,Hryvnia
783,Irita,McLucky,imcluckylq@ifeng.com,Agender,Dinar
784,Cherry,Staner,cstanerlr@loc.gov,Bigender,Kuna
785,Angy,Tremelling,atremellingls@admin.ch,Genderqueer,Yuan Renminbi
786,Gibb,Dawid,gdawidlt@house.gov,Genderfluid,Peso
787,Darnell,Winterbottom,dwinterbottomlu@examiner.com,Bigender,Shekel
788,Celinda,Bartczak,cbartczaklv@nymag.com,Genderqueer,Manat
789,Louisette,Pharoah,lpharoahlw@amazon.co.uk,Female,Krona
790,Celestyn,Gummer,cgummerlx@deliciousdays.com,Male,Hryvnia
791,Mano,Shivell,mshivellly@nba.com,Genderqueer,Ruble
792,Imogen,Claydon,iclaydonlz@lulu.com,Female,Rupee
793,Pryce,Skermer,pskermerm0@engadget.com,Genderfluid,Ruble
794,Marge,Bogart,mbogartm1@dyndns.org,Male,Euro
795,Manuel,Poile,mpoilem2@nytimes.com,Bigender,Yuan Renminbi
796,Gisela,Croxton,gcroxtonm3@istockphoto.com,Non-binary,Ruble
797,Robena,Durant,rdurantm4@hubpages.com,Genderqueer,Rupiah
798,Lynn,Bew,lbewm5@unc.edu,Bigender,Pound
799,Merola,Keats,mkeatsm6@smh.com.au,Genderqueer,Koruna
800,Roger,Wickie,rwickiem7@qq.com,Genderqueer,Dollar
801,Dasha,Veall,dveallm8@ifeng.com,Agender,Peso
802,Fidole,Levings,flevingsm9@furl.net,Genderqueer,Zloty
803,Waverly,Girault,wgiraultma@purevolume.com,Female,Rial
804,Carrissa,Cheesman,ccheesmanmb@ifeng.com,Male,Yuan Renminbi
805,Walt,Penke,wpenkemc@boston.com,Polygender,Dinar
806,Karel,Ketcher,kketchermd@gov.uk,Genderqueer,Yuan Renminbi
807,Allyson,Braine,abraineme@epa.gov,Non-binary,Rupiah
808,Kissee,Maccaddie,kmaccaddiemf@cyberchimps.com,Male,Sol
809,Gisele,Veldstra,gveldstramg@live.com,Polygender,Euro
810,Terri-jo,Goshawk,tgoshawkmh@instagram.com,Genderqueer,Peso
811,Ursa,Dover,udovermi@ted.com,Non-binary,Rupiah
812,Cher,Thirwell,cthirwellmj@nationalgeographic.com,Genderqueer,Peso
813,Nonah,Ricciardello,nricciardellomk@hexun.com,Non-binary,Euro
814,Dev,McEwen,dmcewenml@cbslocal.com,Male,Euro
815,Elfrieda,Coverdale,ecoverdalemm@quantcast.com,Bigender,Guarani
816,Angelita,Mix,amixmn@addthis.com,Female,Tugrik
817,Lissy,Bernardt,lbernardtmo@diigo.com,Non-binary,Zloty
818,Marius,Orrey,morreymp@github.com,Agender,Euro
819,Rennie,Kienl,rkienlmq@prlog.org,Agender,Peso
820,Jaclin,Copson,jcopsonmr@nba.com,Genderfluid,Ruble
821,Shela,Annies,sanniesms@alibaba.com,Genderqueer,Krona
822,Phyllys,Donizeau,pdonizeaumt@so-net.ne.jp,Male,Rupiah
823,Raina,Fitchet,rfitchetmu@smh.com.au,Agender,Ruble
824,Sunny,Polack,spolackmv@eepurl.com,Non-binary,Ruble
825,Meghan,Kirby,mkirbymw@pagesperso-orange.fr,Genderqueer,Euro
826,Basilio,Ghost,bghostmx@networksolutions.com,Agender,Koruna
827,Omero,Duerdin,oduerdinmy@photobucket.com,Non-binary,Zloty
828,Edwina,Klimentyonok,eklimentyonokmz@clickbank.net,Agender,Zloty
829,Verne,Mousdall,vmousdalln0@aol.com,Female,Baht
830,Gustav,Cobleigh,gcobleighn1@hatena.ne.jp,Agender,Rial
831,Jourdain,Domleo,jdomleon2@latimes.com,Genderfluid,Peso
832,Olga,McCawley,omccawleyn3@bandcamp.com,Genderqueer,Dinar
833,Had,Knowlton,hknowltonn4@harvard.edu,Genderqueer,Yuan Renminbi
834,Gardie,Robardley,grobardleyn5@yellowbook.com,Bigender,Peso
835,Niko,Judd,njuddn6@mozilla.org,Male,Peso
836,Clair,McConnell,cmcconnelln7@apache.org,Non-binary,Peso
837,Vinni,Brassington,vbrassingtonn8@hao123.com,Male,Rupiah
838,Rossy,Catenot,rcatenotn9@netscape.com,Bigender,Peso
839,Sissy,McPhail,smcphailna@bbc.co.uk,Genderqueer,Shekel
840,Deane,Cella,dcellanb@liveinternet.ru,Genderfluid,Euro
841,Veriee,Mucillo,vmucillonc@taobao.com,Genderfluid,Hryvnia
842,Noella,Eul,neulnd@google.com.au,Bigender,Rupiah
843,Lilyan,Hauxwell,lhauxwellne@sakura.ne.jp,Polygender,Ruble
844,Hamnet,Mellsop,hmellsopnf@tripadvisor.com,Non-binary,Peso
845,Phylys,Mucklow,pmucklowng@whitehouse.gov,Genderfluid,Yuan Renminbi
846,Carmelia,Hatherley,chatherleynh@state.gov,Non-binary,Real
847,Mischa,Strickland,mstricklandni@behance.net,Agender,Zloty
848,Berta,Sonnenschein,bsonnenscheinnj@indiegogo.com,Genderfluid,Rupiah
849,Lucien,Longina,llonginank@miibeian.gov.cn,Genderqueer,Rupiah
850,Tedd,Goldsmith,tgoldsmithnl@macromedia.com,Agender,Yuan Renminbi
851,Shepperd,Bratt,sbrattnm@ezinearticles.com,Genderfluid,Yuan Renminbi
852,Sibyl,Werlock,swerlocknn@google.com.au,Polygender,Hryvnia
853,Josy,Jentgens,jjentgensno@theatlantic.com,Polygender,Dollar
854,Antonio,Doughill,adoughillnp@ucoz.ru,Agender,Hryvnia
855,Cindra,Addionisio,caddionisionq@google.ru,Bigender,Yen
856,Innis,Rigmand,irigmandnr@umich.edu,Male,Bolivar
857,Newton,Di Roberto,ndirobertons@xrea.com,Non-binary,Dollar
858,Robbi,Redgate,rredgatent@4shared.com,Non-binary,Ruble
859,Marina,Doonican,mdoonicannu@cnn.com,Genderqueer,Lilangeni
860,Durant,Rickell,drickellnv@shop-pro.jp,Agender,Rupiah
861,Adams,Wildin,awildinnw@state.gov,Bigender,Peso
862,Ardelle,Bilney,abilneynx@merriam-webster.com,Male,Ringgit
863,Luisa,Francescozzi,lfrancescozziny@wix.com,Male,Peso
864,Shoshana,Buss,sbussnz@mlb.com,Female,Euro
865,Leicester,Scollick,lscollicko0@fotki.com,Male,Yuan Renminbi
866,Maury,Mourgue,mmourgueo1@woothemes.com,Male,Krona
867,Robinet,Cruickshank,rcruickshanko2@patch.com,Agender,Ruble
868,Mohammed,Alastair,malastairo3@go.com,Bigender,Rupee
869,Freemon,Feige,ffeigeo4@amazon.co.jp,Non-binary,Yuan Renminbi
870,Tann,Greydon,tgreydono5@people.com.cn,Male,Euro
871,Hubey,Farbrother,hfarbrothero6@paypal.com,Non-binary,Tenge
872,Terrance,Struis,tstruiso7@drupal.org,Genderfluid,Naira
873,Laurent,Haruard,lharuardo8@bluehost.com,Polygender,Euro
874,Valina,Sturge,vsturgeo9@joomla.org,Agender,Euro
875,Janot,Bleazard,jbleazardoa@jugem.jp,Genderqueer,Rupee
876,Nikkie,Yurinov,nyurinovob@java.com,Female,Real
877,Britt,Fruish,bfruishoc@goo.ne.jp,Non-binary,Peso
878,Heath,Fache,hfacheod@spotify.com,Agender,Peso
879,Dom,Bazely,dbazelyoe@surveymonkey.com,Bigender,Yuan Renminbi
880,Marney,Storrock,mstorrockof@issuu.com,Male,Quetzal
881,Belia,Ianno,biannoog@ameblo.jp,Genderfluid,Yen
882,Jayme,Cleator,jcleatoroh@usnews.com,Male,Peso
883,Stillman,Siddons,ssiddonsoi@bravesites.com,Agender,Ringgit
884,Cristabel,Pardi,cpardioj@indiatimes.com,Non-binary,Real
885,Yolanthe,Mehmet,ymehmetok@europa.eu,Male,Yuan Renminbi
886,Joseph,Sutter,jsutterol@loc.gov,Non-binary,Peso
887,Rose,Tardiff,rtardiffom@purevolume.com,Non-binary,Kwacha
888,Dolly,Kernar,dkernaron@dagondesign.com,Female,Yuan Renminbi
889,Ange,MacCartair,amaccartairoo@privacy.gov.au,Genderqueer,Franc
890,Benjie,Schwandermann,bschwandermannop@whitehouse.gov,Female,Dram
891,Hurleigh,Simnor,hsimnoroq@wordpress.com,Polygender,Rand
892,Christine,Saben,csabenor@jugem.jp,Non-binary,Yuan Renminbi
893,Horst,Pauleit,hpauleitos@unesco.org,Non-binary,Baht
894,Sonnie,Porrett,sporrettot@utexas.edu,Female,Krona
895,Skye,Deetch,sdeetchou@washingtonpost.com,Genderfluid,Euro
896,Maurita,Piwell,mpiwellov@google.nl,Polygender,Peso
897,Prince,Farquarson,pfarquarsonow@meetup.com,Bigender,Yuan Renminbi
898,Kerwin,Elsmore,kelsmoreox@npr.org,Genderqueer,Rupiah
899,Yettie,Clewlow,yclewlowoy@twitter.com,Male,Dong
900,Gilburt,Lashford,glashfordoz@webmd.com,Female,Tenge
901,Grove,Kleinberer,gkleinbererp0@dropbox.com,Female,Peso
902,Etti,Burnyeat,eburnyeatp1@twitter.com,Agender,Peso
903,Ninon,Lacey,nlaceyp2@paginegialle.it,Genderqueer,Ruble
904,Darice,Sugars,dsugarsp3@mail.ru,Bigender,Ruble
905,Shir,Glennie,sglenniep4@google.co.jp,Female,Yuan Renminbi
906,Tisha,Rough,troughp5@apple.com,Non-binary,Ruble
907,Odo,Gerrietz,ogerrietzp6@mac.com,Male,Tenge
908,Lynnet,Woolham,lwoolhamp7@mail.ru,Genderqueer,Zloty
909,Job,Wiltsher,jwiltsherp8@nyu.edu,Polygender,Zloty
910,Forrester,Lindores,flindoresp9@craigslist.org,Agender,Bolivar
911,Shae,McAloren,smcalorenpa@goo.ne.jp,Genderfluid,Euro
912,Goran,Gantley,ggantleypb@icio.us,Agender,Peso
913,Noak,Mucklo,nmucklopc@nymag.com,Genderqueer,Yen
914,Brigit,Pauncefort,bpauncefortpd@amazon.co.uk,Bigender,Dinar
915,Alane,Healing,ahealingpe@oaic.gov.au,Polygender,Dirham
916,Susanna,Gewer,sgewerpf@slate.com,Genderfluid,Ruble
917,Marney,Bliben,mblibenpg@nsw.gov.au,Agender,Koruna
918,Carley,Fancutt,cfancuttph@digg.com,Agender,Peso
919,Kenny,Stodart,kstodartpi@yolasite.com,Male,Ringgit
920,Emilee,Southon,esouthonpj@newyorker.com,Female,Dollar
921,Sukey,Jebb,sjebbpk@va.gov,Genderqueer,Euro
922,Emlen,Cella,ecellapl@timesonline.co.uk,Bigender,Kwacha
923,Stafford,Cornehl,scornehlpm@artisteer.com,Genderfluid,Real
924,Chip,Becaris,cbecarispn@statcounter.com,Non-binary,Peso
925,Liva,Warbey,lwarbeypo@aboutads.info,Genderfluid,Rupiah
926,Rafaellle,Chalmers,rchalmerspp@arizona.edu,Genderfluid,Ruble
927,Harriet,Guiso,hguisopq@ft.com,Agender,Euro
928,Clarice,Tidbald,ctidbaldpr@wsj.com,Female,Yuan Renminbi
929,Hilary,Hullbrook,hhullbrookps@usnews.com,Polygender,Yuan Renminbi
930,Edithe,Assandri,eassandript@cocolog-nifty.com,Genderqueer,Yuan Renminbi
931,Emera,Coast,ecoastpu@reverbnation.com,Non-binary,Baht
932,Ulla,Acedo,uacedopv@blog.com,Agender,Peso
933,Andeee,Layne,alaynepw@nymag.com,Non-binary,Guilder
934,Darlene,Ousby,dousbypx@state.gov,Agender,Yuan Renminbi
935,Tamar,Winston,twinstonpy@hhs.gov,Female,Yuan Renminbi
936,Elbert,Malmar,emalmarpz@shinystat.com,Non-binary,Rupiah
937,Hermina,Burnhams,hburnhamsq0@alexa.com,Bigender,Rupiah
938,Henrie,Heis,hheisq1@state.gov,Bigender,Won
939,Ranna,Rosiello,rrosielloq2@ameblo.jp,Agender,Euro
940,Dmitri,Jefferson,djeffersonq3@fotki.com,Genderqueer,Peso
941,Harlin,Booker,hbookerq4@nymag.com,Agender,Colon
942,Joyous,Annes,jannesq5@nytimes.com,Genderqueer,Euro
943,Baxy,Heustace,bheustaceq6@flavors.me,Genderqueer,Rupiah
944,Maggy,Tatters,mtattersq7@myspace.com,Female,Rupiah
945,Atlante,Grimbleby,agrimblebyq8@adobe.com,Bigender,Lempira
946,Clim,Thireau,cthireauq9@mayoclinic.com,Polygender,Rupiah
947,Muire,Faulks,mfaulksqa@imageshack.us,Bigender,Euro
948,Justino,Radin,jradinqb@auda.org.au,Female,Dinar
949,Zarah,Weepers,zweepersqc@purevolume.com,Polygender,Peso
950,Joyce,Barbera,jbarberaqd@diigo.com,Genderfluid,Krona
951,Aleta,Crathorne,acrathorneqe@hubpages.com,Non-binary,Dollar
952,Rusty,Arington,raringtonqf@columbia.edu,Genderfluid,Yuan Renminbi
953,Jami,De Cruz,jdecruzqg@ucsd.edu,Genderfluid,Baht
954,Juline,Sarjant,jsarjantqh@cnbc.com,Genderqueer,Hryvnia
955,Christy,Barritt,cbarrittqi@home.pl,Agender,Euro
956,Alethea,Zorzin,azorzinqj@amazon.co.uk,Genderfluid,Rupiah
957,Sigrid,Lydiate,slydiateqk@domainmarket.com,Male,Yuan Renminbi
958,Taddeusz,Harrington,tharringtonql@godaddy.com,Bigender,Peso
959,Ingrim,Quittonden,iquittondenqm@google.co.uk,Non-binary,Koruna
960,Dulci,Rops,dropsqn@google.nl,Genderqueer,Ruble
961,Karna,Demeza,kdemezaqo@si.edu,Agender,Zloty
962,Wolf,Fawson,wfawsonqp@umn.edu,Polygender,Rupiah
963,Raviv,Jerdon,rjerdonqq@chronoengine.com,Genderqueer,Rupee
964,Jervis,Woodcock,jwoodcockqr@chron.com,Genderfluid,Kyat
965,Toby,Crisell,tcrisellqs@usatoday.com,Polygender,Won
966,Marlyn,Becconsall,mbecconsallqt@bravesites.com,Agender,Rupiah
967,Joyce,Jeannequin,jjeannequinqu@irs.gov,Genderqueer,Yuan Renminbi
968,Pierson,Doreward,pdorewardqv@jiathis.com,Agender,Hryvnia
969,Mace,Tetley,mtetleyqw@apache.org,Agender,Pound
970,Parnell,McIlwraith,pmcilwraithqx@cnet.com,Agender,Rupee
971,Gretel,Rosewell,grosewellqy@bloglovin.com,Bigender,Rupiah
972,Rodolph,Hartfield,rhartfieldqz@bandcamp.com,Polygender,Ruble
973,Pooh,Blune,pbluner0@illinois.edu,Genderqueer,Peso
974,Anna-diane,Crinson,acrinsonr1@theguardian.com,Non-binary,Yuan Renminbi
975,Keely,Brereton,kbreretonr2@mapquest.com,Non-binary,Yuan Renminbi
976,Boony,O'Halleghane,bohalleghaner3@virginia.edu,Non-binary,Kip
977,Yehudit,Colquitt,ycolquittr4@list-manage.com,Bigender,Som
978,Jonas,Luparto,jlupartor5@dailymotion.com,Genderqueer,Peso
979,Roderigo,Labone,rlaboner6@cloudflare.com,Bigender,Yen
980,Andrew,Chaimson,achaimsonr7@house.gov,Non-binary,Pound
981,Den,Letten,dlettenr8@independent.co.uk,Non-binary,Dollar
982,Maria,Vasyukov,mvasyukovr9@imgur.com,Polygender,Dollar
983,Roshelle,Rainford,rrainfordra@altervista.org,Genderfluid,Zloty
984,Ax,Showte,ashowterb@nps.gov,Bigender,Euro
985,Ewell,Adamovich,eadamovichrc@elegantthemes.com,Female,Dollar
986,Rosita,Ayerst,rayerstrd@qq.com,Genderfluid,Yuan Renminbi
987,Willy,Snowding,wsnowdingre@hud.gov,Male,Rupiah
988,Florance,Meegin,fmeeginrf@unc.edu,Genderqueer,Real
989,Jobina,Kirkness,jkirknessrg@soup.io,Agender,Ruble
990,Noni,McGown,nmcgownrh@scientificamerican.com,Male,Zloty
991,Corrina,Denys,cdenysri@tuttocitta.it,Female,Dollar
992,Igor,Sellack,isellackrj@addtoany.com,Genderqueer,Real
993,Muffin,Northover,mnorthoverrk@themeforest.net,Agender,Krona
994,Roddy,Belhomme,rbelhommerl@cmu.edu,Agender,Dollar
995,Clementius,Leckie,cleckierm@miibeian.gov.cn,Female,Rupiah
996,Lauri,Swaine,lswainern@economist.com,Male,Yuan Renminbi
997,Cody,Oleksinski,coleksinskiro@i2i.jp,Female,Zloty
998,Anne-corinne,Pawlik,apawlikrp@tmall.com,Genderqueer,Euro
999,Virgina,Ferraron,vferraronrq@vistaprint.com,Female,Euro
1000,Lishe,Ors,lorsrr@ucoz.ru,Non-binary,Yen
